#
# There is insufficient memory for the Java Runtime Environment to continue.
# Native memory allocation (malloc) failed to allocate 15466904 bytes. Error detail: Chunk::new
# Possible reasons:
#   The system is out of physical RAM or swap space
#   This process is running with CompressedOops enabled, and the Java Heap may be blocking the growth of the native heap
# Possible solutions:
#   Reduce memory load on the system
#   Increase physical memory or swap space
#   Check if swap backing store is full
#   Decrease Java heap size (-Xmx/-Xms)
#   Decrease number of Java threads
#   Decrease Java thread stack sizes (-Xss)
#   Set larger code cache with -XX:ReservedCodeCacheSize=
#   JVM is running with Unscaled Compressed Oops mode in which the Java heap is
#     placed in the first 4GB address space. The Java Heap base address is the
#     maximum limit for the native heap growth. Please use -XX:HeapBaseMinAddress
#     to set the Java Heap base and to place the Java Heap above 4GB virtual address.
# This output file may be truncated or incomplete.
#
#  Out of Memory Error (arena.cpp:186), pid=52808, tid=54084
#
# JRE version: Java(TM) SE Runtime Environment (25.0.2+10) (build 25.0.2+10-LTS-69)
# Java VM: Java HotSpot(TM) 64-Bit Server VM (25.0.2+10-LTS-69, mixed mode, sharing, tiered, compressed oops, compressed class ptrs, g1 gc, windows-amd64)
# No core dump will be written. Minidumps are not enabled by default on client versions of Windows
#

---------------  S U M M A R Y ------------

Command Line: --enable-native-access=ALL-UNNAMED -Dclassworlds.conf=C:\Users\gaelr\.m2\wrapper\dists\apache-maven-3.9.12\59fe215c0ad6947fea90184bf7add084544567b927287592651fda3782e0e798\bin\m2.conf -Dmaven.home=C:\Users\gaelr\.m2\wrapper\dists\apache-maven-3.9.12\59fe215c0ad6947fea90184bf7add084544567b927287592651fda3782e0e798 -Dlibrary.jansi.path=C:\Users\gaelr\.m2\wrapper\dists\apache-maven-3.9.12\59fe215c0ad6947fea90184bf7add084544567b927287592651fda3782e0e798\lib\jansi-native -Dmaven.multiModuleProjectDirectory=D:\Downloads\MedSync-Backend-dev\MedSync-Backend-dev org.codehaus.plexus.classworlds.launcher.Launcher quarkus:dev

Host: 11th Gen Intel(R) Core(TM) i7-11370H @ 3.30GHz, 8 cores, 7G,  Windows 11 , 64 bit Build 26100 (10.0.26100.8246)
Time: Thu Apr 30 17:33:33 2026 Hora estándar central (México) elapsed time: 47.621744 seconds (0d 0h 0m 47s)

---------------  T H R E A D  ---------------

Current thread (0x00000139504930f0):  JavaThread "C2 CompilerThread2" daemon [_thread_in_native, id=54084, stack(0x000000271d900000,0x000000271da00000) (1024K)]


Current CompileTask:
C2:47716 13384       4       org.apache.maven.model.interpolation.StringVisitorModelInterpolator$ModelVisitor::visit (540 bytes)

Stack: [0x000000271d900000,0x000000271da00000]
Native frames: (J=compiled Java code, j=interpreted, Vv=VM code, C=native code)
V  [jvm.dll+0x7a70f9]  (no source info available)
V  [jvm.dll+0x772d6d]  (no source info available)
V  [jvm.dll+0x965d53]  (no source info available)
V  [jvm.dll+0x968351]  (no source info available)
V  [jvm.dll+0x968a63]  (no source info available)
V  [jvm.dll+0x2fc846]  (no source info available)
V  [jvm.dll+0x111b16]  (no source info available)
V  [jvm.dll+0x111e3e]  (no source info available)
V  [jvm.dll+0x1a0872]  (no source info available)
V  [jvm.dll+0x3b54c2]  (no source info available)
V  [jvm.dll+0x7aca8f]  (no source info available)
V  [jvm.dll+0x2c0b97]  (no source info available)
V  [jvm.dll+0x2bfb5f]  (no source info available)
V  [jvm.dll+0x2379a0]  (no source info available)
V  [jvm.dll+0x2cfc86]  (no source info available)
V  [jvm.dll+0x2cdf05]  (no source info available)
V  [jvm.dll+0x48e9d1]  (no source info available)
V  [jvm.dll+0x906fcd]  (no source info available)
V  [jvm.dll+0x7a56d5]  (no source info available)
C  [ucrtbase.dll+0x37b0]  (no source info available)
C  [KERNEL32.DLL+0x2e8d7]  (no source info available)
C  [ntdll.dll+0x8c3fc]  (no source info available)

Lock stack of current Java thread (top to bottom):


---------------  P R O C E S S  ---------------

Threads class SMR info:
_java_thread_list=0x000001394ced7940, length=21, elements={
0x0000013928874d60, 0x00000139477c7480, 0x00000139477c9ef0, 0x00000139477d03a0,
0x00000139477d20c0, 0x00000139477d2c80, 0x00000139477d7c60, 0x00000139477da6d0,
0x00000139477ead40, 0x00000139479231e0, 0x000001394792bb90, 0x000001394ce8a7a0,
0x000001394caea0e0, 0x000001394d50c8e0, 0x000001394d509a00, 0x000001394d50d880,
0x000001394d50eff0, 0x000001394d50e820, 0x000001394d9392e0, 0x000001395171ba30,
0x00000139504930f0
}

Java Threads: ( => current thread )
  0x0000013928874d60 JavaThread "main"                              [_thread_in_native, id=52696, stack(0x000000271b300000,0x000000271b400000) (1024K)]
  0x00000139477c7480 JavaThread "Reference Handler"          daemon [_thread_blocked, id=50484, stack(0x000000271bb00000,0x000000271bc00000) (1024K)]
  0x00000139477c9ef0 JavaThread "Finalizer"                  daemon [_thread_blocked, id=43800, stack(0x000000271bc00000,0x000000271bd00000) (1024K)]
  0x00000139477d03a0 JavaThread "Signal Dispatcher"          daemon [_thread_blocked, id=52912, stack(0x000000271bd00000,0x000000271be00000) (1024K)]
  0x00000139477d20c0 JavaThread "Attach Listener"            daemon [_thread_blocked, id=49440, stack(0x000000271be00000,0x000000271bf00000) (1024K)]
  0x00000139477d2c80 JavaThread "Service Thread"             daemon [_thread_blocked, id=50784, stack(0x000000271bf00000,0x000000271c000000) (1024K)]
  0x00000139477d7c60 JavaThread "Monitor Deflation Thread"   daemon [_thread_blocked, id=47240, stack(0x000000271c000000,0x000000271c100000) (1024K)]
  0x00000139477da6d0 JavaThread "C2 CompilerThread0"         daemon [_thread_in_native, id=52152, stack(0x000000271c100000,0x000000271c200000) (1024K)]
  0x00000139477ead40 JavaThread "C1 CompilerThread0"         daemon [_thread_blocked, id=47604, stack(0x000000271c200000,0x000000271c300000) (1024K)]
  0x00000139479231e0 JavaThread "Notification Thread"        daemon [_thread_blocked, id=27032, stack(0x000000271c300000,0x000000271c400000) (1024K)]
  0x000001394792bb90 JavaThread "Common-Cleaner"             daemon [_thread_blocked, id=51264, stack(0x000000271c400000,0x000000271c500000) (1024K)]
  0x000001394ce8a7a0 JavaThread "Thread-1"                   daemon [_thread_blocked, id=48580, stack(0x000000271cb00000,0x000000271cc00000) (1024K)]
  0x000001394caea0e0 JavaThread "ForkJoinPool.commonPool-worker-1" daemon [_thread_blocked, id=1104, stack(0x000000271cf00000,0x000000271d000000) (1024K)]
  0x000001394d50c8e0 JavaThread "ForkJoinPool.commonPool-worker-2" daemon [_thread_blocked, id=39328, stack(0x000000271d000000,0x000000271d100000) (1024K)]
  0x000001394d509a00 JavaThread "ForkJoinPool.commonPool-worker-3" daemon [_thread_blocked, id=49668, stack(0x000000271d100000,0x000000271d200000) (1024K)]
  0x000001394d50d880 JavaThread "ForkJoinPool.commonPool-worker-4" daemon [_thread_blocked, id=44700, stack(0x000000271d300000,0x000000271d400000) (1024K)]
  0x000001394d50eff0 JavaThread "ForkJoinPool.commonPool-worker-5" daemon [_thread_blocked, id=43448, stack(0x000000271d400000,0x000000271d500000) (1024K)]
  0x000001394d50e820 JavaThread "ForkJoinPool.commonPool-worker-6" daemon [_thread_blocked, id=23436, stack(0x000000271d500000,0x000000271d600000) (1024K)]
  0x000001394d9392e0 JavaThread "ForkJoinPool.commonPool-worker-7" daemon [_thread_blocked, id=46828, stack(0x000000271d600000,0x000000271d700000) (1024K)]
  0x000001395171ba30 JavaThread "C2 CompilerThread1"         daemon [_thread_in_native, id=53548, stack(0x000000271d800000,0x000000271d900000) (1024K)]
=>0x00000139504930f0 JavaThread "C2 CompilerThread2"         daemon [_thread_in_native, id=54084, stack(0x000000271d900000,0x000000271da00000) (1024K)]
Total: 21

Other Threads:
  0x00000139477b2dd0 VMThread "VM Thread"                           [id=52720, stack(0x000000271ba00000,0x000000271bb00000) (1024K)]
  0x0000013947685410 WatcherThread "VM Periodic Task Thread"        [id=46676, stack(0x000000271b900000,0x000000271ba00000) (1024K)]
  0x000001392ab77d50 WorkerThread "GC Thread#0"                     [id=44812, stack(0x000000271b400000,0x000000271b500000) (1024K)]
  0x000001394cabd200 WorkerThread "GC Thread#1"                     [id=45096, stack(0x000000271c700000,0x000000271c800000) (1024K)]
  0x000001394cabd630 WorkerThread "GC Thread#2"                     [id=21436, stack(0x000000271c800000,0x000000271c900000) (1024K)]
  0x000001394cabee90 WorkerThread "GC Thread#3"                     [id=52384, stack(0x000000271c900000,0x000000271ca00000) (1024K)]
  0x000001394cafec10 WorkerThread "GC Thread#4"                     [id=51640, stack(0x000000271ca00000,0x000000271cb00000) (1024K)]
  0x000001394d05a320 WorkerThread "GC Thread#5"                     [id=53300, stack(0x000000271c500000,0x000000271c600000) (1024K)]
  0x000001394d0580a0 WorkerThread "GC Thread#6"                     [id=53308, stack(0x000000271c600000,0x000000271c700000) (1024K)]
  0x000001394d0584f0 WorkerThread "GC Thread#7"                     [id=53312, stack(0x000000271cc00000,0x000000271cd00000) (1024K)]
  0x000001392ab90400 ConcurrentGCThread "G1 Main Marker"            [id=53160, stack(0x000000271b500000,0x000000271b600000) (1024K)]
  0x000001392ab93db0 WorkerThread "G1 Conc#0"                       [id=33316, stack(0x000000271b600000,0x000000271b700000) (1024K)]
  0x000001394c542310 WorkerThread "G1 Conc#1"                       [id=49536, stack(0x000000271d200000,0x000000271d300000) (1024K)]
  0x000001392abdddc0 ConcurrentGCThread "G1 Refine#0"               [id=52564, stack(0x000000271b700000,0x000000271b800000) (1024K)]
  0x00000139476741f0 ConcurrentGCThread "G1 Service"                [id=52540, stack(0x000000271b800000,0x000000271b900000) (1024K)]
Total: 15

Threads with active compile tasks:
C2 CompilerThread0  52023 13687       4       jdk.nio.zipfs.ZipFileSystem::walk (41 bytes)
C2 CompilerThread2  52023 13384       4       org.apache.maven.model.interpolation.StringVisitorModelInterpolator$ModelVisitor::visit (540 bytes)
Total: 2

VM state: not at safepoint (normal execution)

VM Mutex/Monitor currently owned by a thread: None

Heap address: 0x0000000083600000, size: 1994 MB, Compressed Oops mode: 32-bit

CDS archive(s) mapped at: [0x000000000e000000-0x000000000edd0000-0x000000000edd0000), size 14483456, SharedBaseAddress: 0x000000000e000000, ArchiveRelocationMode: 1.
Compressed class space mapped at: 0x000000000f000000-0x000000004f000000, reserved size: 1073741824
UseCompressedClassPointers 1, UseCompactObjectHeaders 0
Narrow klass pointer bits 32, Max shift 3
Narrow klass base: 0x000000000e000000, Narrow klass shift: 0
Encoding Range: [0x000000000e000000 - 0x000000010e000000), (4294967296 bytes)
Klass Range:    [0x000000000e010000 - 0x000000004f000000), (1090453504 bytes)
Klass ID Range:  [65536 - 1090519033) (1090453497)
Protection zone: [0x000000000e000000 - 0x000000000e010000), (65536 bytes)

GC Precious Log:
 CardTable entry size: 512
 Card Set container configuration: InlinePtr #cards 5 size 8 Array Of Cards #cards 10 size 36 Howl #buckets 4 coarsen threshold 1843 Howl Bitmap #cards 512 size 80 coarsen threshold 460 Card regions per heap region 1 cards per card region 2048
 CPUs: 8 total, 8 available
 Memory: 7975M
 Large Page Support: Disabled
 NUMA Support: Disabled
 Compressed Oops: Enabled (32-bit)
 Heap Region Size: 1M
 Heap Min Capacity: 8M
 Heap Initial Capacity: 126M
 Heap Max Capacity: 1994M
 Pre-touch: Disabled
 Parallel Workers: 8
 Concurrent Workers: 2
 Concurrent Refinement Workers: 8
 Periodic GC: Disabled

Heap:
 garbage-first heap   total reserved 2041856K, committed 344064K, used 215580K [0x0000000083600000, 0x0000000100000000)
  region size 1024K, 71 young (72704K), 4 survivors (4096K)

Heap Regions: E=young(eden), S=young(survivor), O=old, HS=humongous(starts), HC=humongous(continues), CS=collection set, F=free, TAMS=top-at-mark-start, PB=parsable bottom
|   0|0x0000000083600000, 0x0000000083700000, 0x0000000083700000|100%| O|  |TAMS 0x0000000083600000| PB 0x0000000083600000| Untracked |  0
|   1|0x0000000083700000, 0x0000000083800000, 0x0000000083800000|100%| O|  |TAMS 0x0000000083700000| PB 0x0000000083700000| Untracked |  0
|   2|0x0000000083800000, 0x0000000083900000, 0x0000000083900000|100%| O|  |TAMS 0x0000000083800000| PB 0x0000000083800000| Untracked |  0
|   3|0x0000000083900000, 0x0000000083a00000, 0x0000000083a00000|100%| O|  |TAMS 0x0000000083900000| PB 0x0000000083900000| Untracked |  0
|   4|0x0000000083a00000, 0x0000000083b00000, 0x0000000083b00000|100%| O|  |TAMS 0x0000000083a00000| PB 0x0000000083a00000| Untracked |  0
|   5|0x0000000083b00000, 0x0000000083c00000, 0x0000000083c00000|100%| O|  |TAMS 0x0000000083b00000| PB 0x0000000083b00000| Untracked |  0
|   6|0x0000000083c00000, 0x0000000083d00000, 0x0000000083d00000|100%| O|  |TAMS 0x0000000083c00000| PB 0x0000000083c00000| Untracked |  0
|   7|0x0000000083d00000, 0x0000000083e00000, 0x0000000083e00000|100%| O|  |TAMS 0x0000000083d00000| PB 0x0000000083d00000| Untracked |  0
|   8|0x0000000083e00000, 0x0000000083f00000, 0x0000000083f00000|100%| O|  |TAMS 0x0000000083e00000| PB 0x0000000083e00000| Untracked |  0
|   9|0x0000000083f00000, 0x0000000084000000, 0x0000000084000000|100%| O|  |TAMS 0x0000000083f00000| PB 0x0000000083f00000| Untracked |  0
|  10|0x0000000084000000, 0x0000000084100000, 0x0000000084100000|100%| O|  |TAMS 0x0000000084000000| PB 0x0000000084000000| Untracked |  0
|  11|0x0000000084100000, 0x0000000084200000, 0x0000000084200000|100%| O|  |TAMS 0x0000000084100000| PB 0x0000000084100000| Untracked |  0
|  12|0x0000000084200000, 0x0000000084300000, 0x0000000084300000|100%| O|  |TAMS 0x0000000084200000| PB 0x0000000084200000| Untracked |  0
|  13|0x0000000084300000, 0x0000000084400000, 0x0000000084400000|100%| O|  |TAMS 0x0000000084300000| PB 0x0000000084300000| Untracked |  0
|  14|0x0000000084400000, 0x0000000084500000, 0x0000000084500000|100%| O|  |TAMS 0x0000000084400000| PB 0x0000000084400000| Untracked |  0
|  15|0x0000000084500000, 0x0000000084600000, 0x0000000084600000|100%| O|  |TAMS 0x0000000084500000| PB 0x0000000084500000| Untracked |  0
|  16|0x0000000084600000, 0x0000000084700000, 0x0000000084700000|100%| O|  |TAMS 0x0000000084600000| PB 0x0000000084600000| Untracked |  0
|  17|0x0000000084700000, 0x0000000084800000, 0x0000000084800000|100%| O|  |TAMS 0x0000000084700000| PB 0x0000000084700000| Untracked |  0
|  18|0x0000000084800000, 0x0000000084900000, 0x0000000084900000|100%|HS|  |TAMS 0x0000000084800000| PB 0x0000000084800000| Complete |  0
|  19|0x0000000084900000, 0x0000000084a00000, 0x0000000084a00000|100%| O|  |TAMS 0x0000000084900000| PB 0x0000000084900000| Untracked |  0
|  20|0x0000000084a00000, 0x0000000084b00000, 0x0000000084b00000|100%| O|  |TAMS 0x0000000084a00000| PB 0x0000000084a00000| Untracked |  0
|  21|0x0000000084b00000, 0x0000000084c00000, 0x0000000084c00000|100%| O|  |TAMS 0x0000000084b00000| PB 0x0000000084b00000| Untracked |  0
|  22|0x0000000084c00000, 0x0000000084d00000, 0x0000000084d00000|100%| O|  |TAMS 0x0000000084c00000| PB 0x0000000084c00000| Untracked |  0
|  23|0x0000000084d00000, 0x0000000084e00000, 0x0000000084e00000|100%| O|  |TAMS 0x0000000084d00000| PB 0x0000000084d00000| Untracked |  0
|  24|0x0000000084e00000, 0x0000000084f00000, 0x0000000084f00000|100%| O|  |TAMS 0x0000000084e00000| PB 0x0000000084e00000| Untracked |  0
|  25|0x0000000084f00000, 0x0000000085000000, 0x0000000085000000|100%| O|  |TAMS 0x0000000084f00000| PB 0x0000000084f00000| Untracked |  0
|  26|0x0000000085000000, 0x0000000085100000, 0x0000000085100000|100%| O|  |TAMS 0x0000000085000000| PB 0x0000000085000000| Untracked |  0
|  27|0x0000000085100000, 0x0000000085200000, 0x0000000085200000|100%| O|  |TAMS 0x0000000085100000| PB 0x0000000085100000| Untracked |  0
|  28|0x0000000085200000, 0x0000000085300000, 0x0000000085300000|100%| O|Cm|TAMS 0x0000000085200000| PB 0x0000000085200000| Complete |  0
|  29|0x0000000085300000, 0x0000000085400000, 0x0000000085400000|100%|HS|  |TAMS 0x0000000085300000| PB 0x0000000085300000| Complete |  0
|  30|0x0000000085400000, 0x0000000085500000, 0x0000000085500000|100%| O|Cm|TAMS 0x0000000085400000| PB 0x0000000085400000| Complete |  0
|  31|0x0000000085500000, 0x0000000085600000, 0x0000000085600000|100%|HS|  |TAMS 0x0000000085500000| PB 0x0000000085500000| Complete |  0
|  32|0x0000000085600000, 0x0000000085700000, 0x0000000085700000|100%|HS|  |TAMS 0x0000000085600000| PB 0x0000000085600000| Complete |  0
|  33|0x0000000085700000, 0x0000000085800000, 0x0000000085800000|100%|HS|  |TAMS 0x0000000085700000| PB 0x0000000085700000| Complete |  0
|  34|0x0000000085800000, 0x0000000085900000, 0x0000000085900000|100%| O|  |TAMS 0x0000000085800000| PB 0x0000000085800000| Untracked |  0
|  35|0x0000000085900000, 0x0000000085a00000, 0x0000000085a00000|100%| O|  |TAMS 0x0000000085900000| PB 0x0000000085900000| Untracked |  0
|  36|0x0000000085a00000, 0x0000000085b00000, 0x0000000085b00000|100%| O|  |TAMS 0x0000000085a00000| PB 0x0000000085a00000| Untracked |  0
|  37|0x0000000085b00000, 0x0000000085c00000, 0x0000000085c00000|100%| O|  |TAMS 0x0000000085b00000| PB 0x0000000085b00000| Untracked |  0
|  38|0x0000000085c00000, 0x0000000085d00000, 0x0000000085d00000|100%| O|Cm|TAMS 0x0000000085c00000| PB 0x0000000085c00000| Complete |  0
|  39|0x0000000085d00000, 0x0000000085e00000, 0x0000000085e00000|100%| O|  |TAMS 0x0000000085d00000| PB 0x0000000085d00000| Untracked |  0
|  40|0x0000000085e00000, 0x0000000085f00000, 0x0000000085f00000|100%|HS|  |TAMS 0x0000000085e00000| PB 0x0000000085e00000| Complete |  0
|  41|0x0000000085f00000, 0x0000000086000000, 0x0000000086000000|100%| O|Cm|TAMS 0x0000000085f00000| PB 0x0000000085f00000| Complete |  0
|  42|0x0000000086000000, 0x0000000086100000, 0x0000000086100000|100%|HS|  |TAMS 0x0000000086000000| PB 0x0000000086000000| Complete |  0
|  43|0x0000000086100000, 0x0000000086200000, 0x0000000086200000|100%|HS|  |TAMS 0x0000000086100000| PB 0x0000000086100000| Complete |  0
|  44|0x0000000086200000, 0x0000000086300000, 0x0000000086300000|100%|HC|  |TAMS 0x0000000086200000| PB 0x0000000086200000| Complete |  0
|  45|0x0000000086300000, 0x0000000086400000, 0x0000000086400000|100%|HS|  |TAMS 0x0000000086300000| PB 0x0000000086300000| Complete |  0
|  46|0x0000000086400000, 0x0000000086500000, 0x0000000086500000|100%| O|  |TAMS 0x0000000086400000| PB 0x0000000086400000| Untracked |  0
|  47|0x0000000086500000, 0x0000000086600000, 0x0000000086600000|100%|HS|  |TAMS 0x0000000086500000| PB 0x0000000086500000| Complete |  0
|  48|0x0000000086600000, 0x0000000086700000, 0x0000000086700000|100%| O|  |TAMS 0x0000000086600000| PB 0x0000000086600000| Untracked |  0
|  49|0x0000000086700000, 0x0000000086800000, 0x0000000086800000|100%| O|  |TAMS 0x0000000086700000| PB 0x0000000086700000| Untracked |  0
|  50|0x0000000086800000, 0x0000000086900000, 0x0000000086900000|100%| O|  |TAMS 0x0000000086800000| PB 0x0000000086800000| Untracked |  0
|  51|0x0000000086900000, 0x0000000086a00000, 0x0000000086a00000|100%| O|  |TAMS 0x0000000086900000| PB 0x0000000086900000| Untracked |  0
|  52|0x0000000086a00000, 0x0000000086b00000, 0x0000000086b00000|100%| O|  |TAMS 0x0000000086a00000| PB 0x0000000086a00000| Untracked |  0
|  53|0x0000000086b00000, 0x0000000086c00000, 0x0000000086c00000|100%| O|  |TAMS 0x0000000086b00000| PB 0x0000000086b00000| Untracked |  0
|  54|0x0000000086c00000, 0x0000000086d00000, 0x0000000086d00000|100%| O|  |TAMS 0x0000000086c00000| PB 0x0000000086c00000| Untracked |  0
|  55|0x0000000086d00000, 0x0000000086e00000, 0x0000000086e00000|100%| O|  |TAMS 0x0000000086d00000| PB 0x0000000086d00000| Untracked |  0
|  56|0x0000000086e00000, 0x0000000086f00000, 0x0000000086f00000|100%| O|  |TAMS 0x0000000086e00000| PB 0x0000000086e00000| Untracked |  0
|  57|0x0000000086f00000, 0x0000000087000000, 0x0000000087000000|100%| O|  |TAMS 0x0000000086f00000| PB 0x0000000086f00000| Untracked |  0
|  58|0x0000000087000000, 0x0000000087100000, 0x0000000087100000|100%| O|  |TAMS 0x0000000087000000| PB 0x0000000087000000| Untracked |  0
|  59|0x0000000087100000, 0x0000000087200000, 0x0000000087200000|100%| O|  |TAMS 0x0000000087100000| PB 0x0000000087100000| Untracked |  0
|  60|0x0000000087200000, 0x0000000087300000, 0x0000000087300000|100%| O|  |TAMS 0x0000000087200000| PB 0x0000000087200000| Untracked |  0
|  61|0x0000000087300000, 0x0000000087400000, 0x0000000087400000|100%| O|  |TAMS 0x0000000087300000| PB 0x0000000087300000| Untracked |  0
|  62|0x0000000087400000, 0x0000000087500000, 0x0000000087500000|100%| O|  |TAMS 0x0000000087400000| PB 0x0000000087400000| Untracked |  0
|  63|0x0000000087500000, 0x0000000087600000, 0x0000000087600000|100%| O|  |TAMS 0x0000000087500000| PB 0x0000000087500000| Untracked |  0
|  64|0x0000000087600000, 0x0000000087700000, 0x0000000087700000|100%| O|  |TAMS 0x0000000087600000| PB 0x0000000087600000| Untracked |  0
|  65|0x0000000087700000, 0x0000000087800000, 0x0000000087800000|100%| O|Cm|TAMS 0x0000000087700000| PB 0x0000000087700000| Complete |  0
|  66|0x0000000087800000, 0x0000000087800000, 0x0000000087900000|  0%| F|  |TAMS 0x0000000087800000| PB 0x0000000087800000| Untracked |  0
|  67|0x0000000087900000, 0x0000000087a00000, 0x0000000087a00000|100%| O|  |TAMS 0x0000000087900000| PB 0x0000000087900000| Untracked |  0
|  68|0x0000000087a00000, 0x0000000087b00000, 0x0000000087b00000|100%| O|  |TAMS 0x0000000087a00000| PB 0x0000000087a00000| Untracked |  0
|  69|0x0000000087b00000, 0x0000000087c00000, 0x0000000087c00000|100%| O|  |TAMS 0x0000000087b00000| PB 0x0000000087b00000| Untracked |  0
|  70|0x0000000087c00000, 0x0000000087d00000, 0x0000000087d00000|100%| O|  |TAMS 0x0000000087c00000| PB 0x0000000087c00000| Untracked |  0
|  71|0x0000000087d00000, 0x0000000087e00000, 0x0000000087e00000|100%| O|  |TAMS 0x0000000087d00000| PB 0x0000000087d00000| Untracked |  0
|  72|0x0000000087e00000, 0x0000000087f00000, 0x0000000087f00000|100%| O|  |TAMS 0x0000000087e00000| PB 0x0000000087e00000| Untracked |  0
|  73|0x0000000087f00000, 0x0000000088000000, 0x0000000088000000|100%| O|  |TAMS 0x0000000087f00000| PB 0x0000000087f00000| Untracked |  0
|  74|0x0000000088000000, 0x0000000088100000, 0x0000000088100000|100%| O|  |TAMS 0x0000000088000000| PB 0x0000000088000000| Untracked |  0
|  75|0x0000000088100000, 0x0000000088200000, 0x0000000088200000|100%| O|  |TAMS 0x0000000088100000| PB 0x0000000088100000| Untracked |  0
|  76|0x0000000088200000, 0x0000000088300000, 0x0000000088300000|100%| O|  |TAMS 0x0000000088200000| PB 0x0000000088200000| Untracked |  0
|  77|0x0000000088300000, 0x0000000088400000, 0x0000000088400000|100%| O|  |TAMS 0x0000000088300000| PB 0x0000000088300000| Untracked |  0
|  78|0x0000000088400000, 0x0000000088500000, 0x0000000088500000|100%| O|  |TAMS 0x0000000088400000| PB 0x0000000088400000| Untracked |  0
|  79|0x0000000088500000, 0x0000000088600000, 0x0000000088600000|100%| O|  |TAMS 0x0000000088500000| PB 0x0000000088500000| Untracked |  0
|  80|0x0000000088600000, 0x0000000088700000, 0x0000000088700000|100%| O|Cm|TAMS 0x0000000088600000| PB 0x0000000088600000| Complete |  0
|  81|0x0000000088700000, 0x0000000088800000, 0x0000000088800000|100%| O|Cm|TAMS 0x0000000088700000| PB 0x0000000088700000| Complete |  0
|  82|0x0000000088800000, 0x0000000088900000, 0x0000000088900000|100%|HS|  |TAMS 0x0000000088800000| PB 0x0000000088800000| Complete |  0
|  83|0x0000000088900000, 0x0000000088a00000, 0x0000000088a00000|100%|HC|  |TAMS 0x0000000088900000| PB 0x0000000088900000| Complete |  0
|  84|0x0000000088a00000, 0x0000000088b00000, 0x0000000088b00000|100%| O|  |TAMS 0x0000000088a00000| PB 0x0000000088a00000| Untracked |  0
|  85|0x0000000088b00000, 0x0000000088c00000, 0x0000000088c00000|100%| O|  |TAMS 0x0000000088b00000| PB 0x0000000088b00000| Untracked |  0
|  86|0x0000000088c00000, 0x0000000088d00000, 0x0000000088d00000|100%| O|Cm|TAMS 0x0000000088c00000| PB 0x0000000088c00000| Complete |  0
|  87|0x0000000088d00000, 0x0000000088d00000, 0x0000000088e00000|  0%| F|  |TAMS 0x0000000088d00000| PB 0x0000000088d00000| Untracked |  0
|  88|0x0000000088e00000, 0x0000000088f00000, 0x0000000088f00000|100%|HS|  |TAMS 0x0000000088e00000| PB 0x0000000088e00000| Complete |  0
|  89|0x0000000088f00000, 0x0000000089000000, 0x0000000089000000|100%|HC|  |TAMS 0x0000000088f00000| PB 0x0000000088f00000| Complete |  0
|  90|0x0000000089000000, 0x0000000089100000, 0x0000000089100000|100%|HC|  |TAMS 0x0000000089000000| PB 0x0000000089000000| Complete |  0
|  91|0x0000000089100000, 0x0000000089200000, 0x0000000089200000|100%| O|  |TAMS 0x0000000089100000| PB 0x0000000089100000| Untracked |  0
|  92|0x0000000089200000, 0x0000000089300000, 0x0000000089300000|100%| O|Cm|TAMS 0x0000000089200000| PB 0x0000000089200000| Complete |  0
|  93|0x0000000089300000, 0x0000000089400000, 0x0000000089400000|100%| O|Cm|TAMS 0x0000000089300000| PB 0x0000000089300000| Complete |  0
|  94|0x0000000089400000, 0x0000000089500000, 0x0000000089500000|100%| O|  |TAMS 0x0000000089400000| PB 0x0000000089400000| Untracked |  0
|  95|0x0000000089500000, 0x0000000089600000, 0x0000000089600000|100%|HS|  |TAMS 0x0000000089500000| PB 0x0000000089500000| Complete |  0
|  96|0x0000000089600000, 0x0000000089700000, 0x0000000089700000|100%|HC|  |TAMS 0x0000000089600000| PB 0x0000000089600000| Complete |  0
|  97|0x0000000089700000, 0x0000000089800000, 0x0000000089800000|100%| O|  |TAMS 0x0000000089700000| PB 0x0000000089700000| Untracked |  0
|  98|0x0000000089800000, 0x0000000089900000, 0x0000000089900000|100%| O|  |TAMS 0x0000000089800000| PB 0x0000000089800000| Untracked |  0
|  99|0x0000000089900000, 0x0000000089a00000, 0x0000000089a00000|100%| O|  |TAMS 0x0000000089900000| PB 0x0000000089900000| Untracked |  0
| 100|0x0000000089a00000, 0x0000000089b00000, 0x0000000089b00000|100%| O|  |TAMS 0x0000000089a00000| PB 0x0000000089a00000| Untracked |  0
| 101|0x0000000089b00000, 0x0000000089c00000, 0x0000000089c00000|100%| O|  |TAMS 0x0000000089b00000| PB 0x0000000089b00000| Untracked |  0
| 102|0x0000000089c00000, 0x0000000089d00000, 0x0000000089d00000|100%| O|  |TAMS 0x0000000089c00000| PB 0x0000000089c00000| Untracked |  0
| 103|0x0000000089d00000, 0x0000000089e00000, 0x0000000089e00000|100%| O|  |TAMS 0x0000000089d00000| PB 0x0000000089d00000| Untracked |  0
| 104|0x0000000089e00000, 0x0000000089f00000, 0x0000000089f00000|100%|HS|  |TAMS 0x0000000089e00000| PB 0x0000000089e00000| Complete |  0
| 105|0x0000000089f00000, 0x000000008a000000, 0x000000008a000000|100%|HC|  |TAMS 0x0000000089f00000| PB 0x0000000089f00000| Complete |  0
| 106|0x000000008a000000, 0x000000008a100000, 0x000000008a100000|100%| O|Cm|TAMS 0x000000008a000000| PB 0x000000008a000000| Complete |  0
| 107|0x000000008a100000, 0x000000008a200000, 0x000000008a200000|100%|HS|  |TAMS 0x000000008a100000| PB 0x000000008a100000| Complete |  0
| 108|0x000000008a200000, 0x000000008a300000, 0x000000008a300000|100%|HC|  |TAMS 0x000000008a200000| PB 0x000000008a200000| Complete |  0
| 109|0x000000008a300000, 0x000000008a400000, 0x000000008a400000|100%|HC|  |TAMS 0x000000008a300000| PB 0x000000008a300000| Complete |  0
| 110|0x000000008a400000, 0x000000008a500000, 0x000000008a500000|100%| O|  |TAMS 0x000000008a400000| PB 0x000000008a400000| Untracked |  0
| 111|0x000000008a500000, 0x000000008a600000, 0x000000008a600000|100%| O|  |TAMS 0x000000008a500000| PB 0x000000008a500000| Untracked |  0
| 112|0x000000008a600000, 0x000000008a600000, 0x000000008a700000|  0%| F|  |TAMS 0x000000008a600000| PB 0x000000008a600000| Untracked |  0
| 113|0x000000008a700000, 0x000000008a700000, 0x000000008a800000|  0%| F|  |TAMS 0x000000008a700000| PB 0x000000008a700000| Untracked |  0
| 114|0x000000008a800000, 0x000000008a800000, 0x000000008a900000|  0%| F|  |TAMS 0x000000008a800000| PB 0x000000008a800000| Untracked |  0
| 115|0x000000008a900000, 0x000000008a900000, 0x000000008aa00000|  0%| F|  |TAMS 0x000000008a900000| PB 0x000000008a900000| Untracked |  0
| 116|0x000000008aa00000, 0x000000008aa00000, 0x000000008ab00000|  0%| F|  |TAMS 0x000000008aa00000| PB 0x000000008aa00000| Untracked |  0
| 117|0x000000008ab00000, 0x000000008ab00000, 0x000000008ac00000|  0%| F|  |TAMS 0x000000008ab00000| PB 0x000000008ab00000| Untracked |  0
| 118|0x000000008ac00000, 0x000000008ac00000, 0x000000008ad00000|  0%| F|  |TAMS 0x000000008ac00000| PB 0x000000008ac00000| Untracked |  0
| 119|0x000000008ad00000, 0x000000008ad00000, 0x000000008ae00000|  0%| F|  |TAMS 0x000000008ad00000| PB 0x000000008ad00000| Untracked |  0
| 120|0x000000008ae00000, 0x000000008ae00000, 0x000000008af00000|  0%| F|  |TAMS 0x000000008ae00000| PB 0x000000008ae00000| Untracked |  0
| 121|0x000000008af00000, 0x000000008b000000, 0x000000008b000000|100%| O|Cm|TAMS 0x000000008af00000| PB 0x000000008af00000| Complete |  0
| 122|0x000000008b000000, 0x000000008b000000, 0x000000008b100000|  0%| F|  |TAMS 0x000000008b000000| PB 0x000000008b000000| Untracked |  0
| 123|0x000000008b100000, 0x000000008b100000, 0x000000008b200000|  0%| F|  |TAMS 0x000000008b100000| PB 0x000000008b100000| Untracked |  0
| 124|0x000000008b200000, 0x000000008b200000, 0x000000008b300000|  0%| F|  |TAMS 0x000000008b200000| PB 0x000000008b200000| Untracked |  0
| 125|0x000000008b300000, 0x000000008b300000, 0x000000008b400000|  0%| F|  |TAMS 0x000000008b300000| PB 0x000000008b300000| Untracked |  0
| 126|0x000000008b400000, 0x000000008b400000, 0x000000008b500000|  0%| F|  |TAMS 0x000000008b400000| PB 0x000000008b400000| Untracked |  0
| 127|0x000000008b500000, 0x000000008b600000, 0x000000008b600000|100%| O|  |TAMS 0x000000008b500000| PB 0x000000008b500000| Untracked |  0
| 128|0x000000008b600000, 0x000000008b700000, 0x000000008b700000|100%| O|  |TAMS 0x000000008b600000| PB 0x000000008b600000| Untracked |  0
| 129|0x000000008b700000, 0x000000008b800000, 0x000000008b800000|100%| O|  |TAMS 0x000000008b700000| PB 0x000000008b700000| Untracked |  0
| 130|0x000000008b800000, 0x000000008b900000, 0x000000008b900000|100%| O|  |TAMS 0x000000008b800000| PB 0x000000008b800000| Untracked |  0
| 131|0x000000008b900000, 0x000000008ba00000, 0x000000008ba00000|100%| O|  |TAMS 0x000000008b900000| PB 0x000000008b900000| Untracked |  0
| 132|0x000000008ba00000, 0x000000008bb00000, 0x000000008bb00000|100%| O|  |TAMS 0x000000008ba00000| PB 0x000000008ba00000| Untracked |  0
| 133|0x000000008bb00000, 0x000000008bc00000, 0x000000008bc00000|100%| O|  |TAMS 0x000000008bb00000| PB 0x000000008bb00000| Untracked |  0
| 134|0x000000008bc00000, 0x000000008bd00000, 0x000000008bd00000|100%| O|  |TAMS 0x000000008bc00000| PB 0x000000008bc00000| Untracked |  0
| 135|0x000000008bd00000, 0x000000008be00000, 0x000000008be00000|100%| O|  |TAMS 0x000000008bd00000| PB 0x000000008bd00000| Untracked |  0
| 136|0x000000008be00000, 0x000000008bf00000, 0x000000008bf00000|100%| O|  |TAMS 0x000000008be00000| PB 0x000000008be00000| Untracked |  0
| 137|0x000000008bf00000, 0x000000008c000000, 0x000000008c000000|100%| O|  |TAMS 0x000000008bf00000| PB 0x000000008bf00000| Untracked |  0
| 138|0x000000008c000000, 0x000000008c100000, 0x000000008c100000|100%| O|  |TAMS 0x000000008c000000| PB 0x000000008c000000| Untracked |  0
| 139|0x000000008c100000, 0x000000008c100000, 0x000000008c200000|  0%| F|  |TAMS 0x000000008c100000| PB 0x000000008c100000| Untracked |  0
| 140|0x000000008c200000, 0x000000008c200000, 0x000000008c300000|  0%| F|  |TAMS 0x000000008c200000| PB 0x000000008c200000| Untracked |  0
| 141|0x000000008c300000, 0x000000008c300000, 0x000000008c400000|  0%| F|  |TAMS 0x000000008c300000| PB 0x000000008c300000| Untracked |  0
| 142|0x000000008c400000, 0x000000008c400000, 0x000000008c500000|  0%| F|  |TAMS 0x000000008c400000| PB 0x000000008c400000| Untracked |  0
| 143|0x000000008c500000, 0x000000008c500000, 0x000000008c600000|  0%| F|  |TAMS 0x000000008c500000| PB 0x000000008c500000| Untracked |  0
| 144|0x000000008c600000, 0x000000008c600000, 0x000000008c700000|  0%| F|  |TAMS 0x000000008c600000| PB 0x000000008c600000| Untracked |  0
| 145|0x000000008c700000, 0x000000008c700000, 0x000000008c800000|  0%| F|  |TAMS 0x000000008c700000| PB 0x000000008c700000| Untracked |  0
| 146|0x000000008c800000, 0x000000008c800000, 0x000000008c900000|  0%| F|  |TAMS 0x000000008c800000| PB 0x000000008c800000| Untracked |  0
| 147|0x000000008c900000, 0x000000008c900000, 0x000000008ca00000|  0%| F|  |TAMS 0x000000008c900000| PB 0x000000008c900000| Untracked |  0
| 148|0x000000008ca00000, 0x000000008ca00000, 0x000000008cb00000|  0%| F|  |TAMS 0x000000008ca00000| PB 0x000000008ca00000| Untracked |  0
| 149|0x000000008cb00000, 0x000000008cb00000, 0x000000008cc00000|  0%| F|  |TAMS 0x000000008cb00000| PB 0x000000008cb00000| Untracked |  0
| 150|0x000000008cc00000, 0x000000008cc00000, 0x000000008cd00000|  0%| F|  |TAMS 0x000000008cc00000| PB 0x000000008cc00000| Untracked |  0
| 151|0x000000008cd00000, 0x000000008cd00000, 0x000000008ce00000|  0%| F|  |TAMS 0x000000008cd00000| PB 0x000000008cd00000| Untracked |  0
| 152|0x000000008ce00000, 0x000000008ce00000, 0x000000008cf00000|  0%| F|  |TAMS 0x000000008ce00000| PB 0x000000008ce00000| Untracked |  0
| 153|0x000000008cf00000, 0x000000008cf00000, 0x000000008d000000|  0%| F|  |TAMS 0x000000008cf00000| PB 0x000000008cf00000| Untracked |  0
| 154|0x000000008d000000, 0x000000008d000000, 0x000000008d100000|  0%| F|  |TAMS 0x000000008d000000| PB 0x000000008d000000| Untracked |  0
| 155|0x000000008d100000, 0x000000008d100000, 0x000000008d200000|  0%| F|  |TAMS 0x000000008d100000| PB 0x000000008d100000| Untracked |  0
| 156|0x000000008d200000, 0x000000008d200000, 0x000000008d300000|  0%| F|  |TAMS 0x000000008d200000| PB 0x000000008d200000| Untracked |  0
| 157|0x000000008d300000, 0x000000008d300000, 0x000000008d400000|  0%| F|  |TAMS 0x000000008d300000| PB 0x000000008d300000| Untracked |  0
| 158|0x000000008d400000, 0x000000008d400000, 0x000000008d500000|  0%| F|  |TAMS 0x000000008d400000| PB 0x000000008d400000| Untracked |  0
| 159|0x000000008d500000, 0x000000008d600000, 0x000000008d600000|100%| O|  |TAMS 0x000000008d500000| PB 0x000000008d500000| Untracked |  0
| 160|0x000000008d600000, 0x000000008d700000, 0x000000008d700000|100%| O|  |TAMS 0x000000008d600000| PB 0x000000008d600000| Untracked |  0
| 161|0x000000008d700000, 0x000000008d800000, 0x000000008d800000|100%| O|  |TAMS 0x000000008d700000| PB 0x000000008d700000| Untracked |  0
| 162|0x000000008d800000, 0x000000008d8208f0, 0x000000008d900000| 12%| O|  |TAMS 0x000000008d800000| PB 0x000000008d800000| Untracked |  0
| 163|0x000000008d900000, 0x000000008d900000, 0x000000008da00000|  0%| F|  |TAMS 0x000000008d900000| PB 0x000000008d900000| Untracked |  0
| 164|0x000000008da00000, 0x000000008da00000, 0x000000008db00000|  0%| F|  |TAMS 0x000000008da00000| PB 0x000000008da00000| Untracked |  0
| 165|0x000000008db00000, 0x000000008db00000, 0x000000008dc00000|  0%| F|  |TAMS 0x000000008db00000| PB 0x000000008db00000| Untracked |  0
| 166|0x000000008dc00000, 0x000000008dc00000, 0x000000008dd00000|  0%| F|  |TAMS 0x000000008dc00000| PB 0x000000008dc00000| Untracked |  0
| 167|0x000000008dd00000, 0x000000008dd00000, 0x000000008de00000|  0%| F|  |TAMS 0x000000008dd00000| PB 0x000000008dd00000| Untracked |  0
| 168|0x000000008de00000, 0x000000008de00000, 0x000000008df00000|  0%| F|  |TAMS 0x000000008de00000| PB 0x000000008de00000| Untracked |  0
| 169|0x000000008df00000, 0x000000008df00000, 0x000000008e000000|  0%| F|  |TAMS 0x000000008df00000| PB 0x000000008df00000| Untracked |  0
| 170|0x000000008e000000, 0x000000008e000000, 0x000000008e100000|  0%| F|  |TAMS 0x000000008e000000| PB 0x000000008e000000| Untracked |  0
| 171|0x000000008e100000, 0x000000008e100000, 0x000000008e200000|  0%| F|  |TAMS 0x000000008e100000| PB 0x000000008e100000| Untracked |  0
| 172|0x000000008e200000, 0x000000008e200000, 0x000000008e300000|  0%| F|  |TAMS 0x000000008e200000| PB 0x000000008e200000| Untracked |  0
| 173|0x000000008e300000, 0x000000008e300000, 0x000000008e400000|  0%| F|  |TAMS 0x000000008e300000| PB 0x000000008e300000| Untracked |  0
| 174|0x000000008e400000, 0x000000008e400000, 0x000000008e500000|  0%| F|  |TAMS 0x000000008e400000| PB 0x000000008e400000| Untracked |  0
| 175|0x000000008e500000, 0x000000008e500000, 0x000000008e600000|  0%| F|  |TAMS 0x000000008e500000| PB 0x000000008e500000| Untracked |  0
| 176|0x000000008e600000, 0x000000008e600000, 0x000000008e700000|  0%| F|  |TAMS 0x000000008e600000| PB 0x000000008e600000| Untracked |  0
| 177|0x000000008e700000, 0x000000008e700000, 0x000000008e800000|  0%| F|  |TAMS 0x000000008e700000| PB 0x000000008e700000| Untracked |  0
| 178|0x000000008e800000, 0x000000008e800000, 0x000000008e900000|  0%| F|  |TAMS 0x000000008e800000| PB 0x000000008e800000| Untracked |  0
| 179|0x000000008e900000, 0x000000008e900000, 0x000000008ea00000|  0%| F|  |TAMS 0x000000008e900000| PB 0x000000008e900000| Untracked |  0
| 180|0x000000008ea00000, 0x000000008ea00000, 0x000000008eb00000|  0%| F|  |TAMS 0x000000008ea00000| PB 0x000000008ea00000| Untracked |  0
| 181|0x000000008eb00000, 0x000000008eb00000, 0x000000008ec00000|  0%| F|  |TAMS 0x000000008eb00000| PB 0x000000008eb00000| Untracked |  0
| 182|0x000000008ec00000, 0x000000008ec00000, 0x000000008ed00000|  0%| F|  |TAMS 0x000000008ec00000| PB 0x000000008ec00000| Untracked |  0
| 183|0x000000008ed00000, 0x000000008ed00000, 0x000000008ee00000|  0%| F|  |TAMS 0x000000008ed00000| PB 0x000000008ed00000| Untracked |  0
| 184|0x000000008ee00000, 0x000000008ee00000, 0x000000008ef00000|  0%| F|  |TAMS 0x000000008ee00000| PB 0x000000008ee00000| Untracked |  0
| 185|0x000000008ef00000, 0x000000008ef00000, 0x000000008f000000|  0%| F|  |TAMS 0x000000008ef00000| PB 0x000000008ef00000| Untracked |  0
| 186|0x000000008f000000, 0x000000008f000000, 0x000000008f100000|  0%| F|  |TAMS 0x000000008f000000| PB 0x000000008f000000| Untracked |  0
| 187|0x000000008f100000, 0x000000008f100000, 0x000000008f200000|  0%| F|  |TAMS 0x000000008f100000| PB 0x000000008f100000| Untracked |  0
| 188|0x000000008f200000, 0x000000008f200000, 0x000000008f300000|  0%| F|  |TAMS 0x000000008f200000| PB 0x000000008f200000| Untracked |  0
| 189|0x000000008f300000, 0x000000008f300000, 0x000000008f400000|  0%| F|  |TAMS 0x000000008f300000| PB 0x000000008f300000| Untracked |  0
| 190|0x000000008f400000, 0x000000008f400000, 0x000000008f500000|  0%| F|  |TAMS 0x000000008f400000| PB 0x000000008f400000| Untracked |  0
| 191|0x000000008f500000, 0x000000008f500000, 0x000000008f600000|  0%| F|  |TAMS 0x000000008f500000| PB 0x000000008f500000| Untracked |  0
| 192|0x000000008f600000, 0x000000008f600000, 0x000000008f700000|  0%| F|  |TAMS 0x000000008f600000| PB 0x000000008f600000| Untracked |  0
| 193|0x000000008f700000, 0x000000008f700000, 0x000000008f800000|  0%| F|  |TAMS 0x000000008f700000| PB 0x000000008f700000| Untracked |  0
| 194|0x000000008f800000, 0x000000008f800000, 0x000000008f900000|  0%| F|  |TAMS 0x000000008f800000| PB 0x000000008f800000| Untracked |  0
| 195|0x000000008f900000, 0x000000008f900000, 0x000000008fa00000|  0%| F|  |TAMS 0x000000008f900000| PB 0x000000008f900000| Untracked |  0
| 196|0x000000008fa00000, 0x000000008fa00000, 0x000000008fb00000|  0%| F|  |TAMS 0x000000008fa00000| PB 0x000000008fa00000| Untracked |  0
| 197|0x000000008fb00000, 0x000000008fb00000, 0x000000008fc00000|  0%| F|  |TAMS 0x000000008fb00000| PB 0x000000008fb00000| Untracked |  0
| 198|0x000000008fc00000, 0x000000008fc00000, 0x000000008fd00000|  0%| F|  |TAMS 0x000000008fc00000| PB 0x000000008fc00000| Untracked |  0
| 199|0x000000008fd00000, 0x000000008fd00000, 0x000000008fe00000|  0%| F|  |TAMS 0x000000008fd00000| PB 0x000000008fd00000| Untracked |  0
| 200|0x000000008fe00000, 0x000000008fe00000, 0x000000008ff00000|  0%| F|  |TAMS 0x000000008fe00000| PB 0x000000008fe00000| Untracked |  0
| 201|0x000000008ff00000, 0x000000008ff00000, 0x0000000090000000|  0%| F|  |TAMS 0x000000008ff00000| PB 0x000000008ff00000| Untracked |  0
| 202|0x0000000090000000, 0x0000000090000000, 0x0000000090100000|  0%| F|  |TAMS 0x0000000090000000| PB 0x0000000090000000| Untracked |  0
| 203|0x0000000090100000, 0x0000000090100000, 0x0000000090200000|  0%| F|  |TAMS 0x0000000090100000| PB 0x0000000090100000| Untracked |  0
| 204|0x0000000090200000, 0x0000000090200000, 0x0000000090300000|  0%| F|  |TAMS 0x0000000090200000| PB 0x0000000090200000| Untracked |  0
| 205|0x0000000090300000, 0x0000000090300000, 0x0000000090400000|  0%| F|  |TAMS 0x0000000090300000| PB 0x0000000090300000| Untracked |  0
| 206|0x0000000090400000, 0x0000000090400000, 0x0000000090500000|  0%| F|  |TAMS 0x0000000090400000| PB 0x0000000090400000| Untracked |  0
| 207|0x0000000090500000, 0x0000000090500000, 0x0000000090600000|  0%| F|  |TAMS 0x0000000090500000| PB 0x0000000090500000| Untracked |  0
| 208|0x0000000090600000, 0x0000000090600000, 0x0000000090700000|  0%| F|  |TAMS 0x0000000090600000| PB 0x0000000090600000| Untracked |  0
| 209|0x0000000090700000, 0x0000000090700000, 0x0000000090800000|  0%| F|  |TAMS 0x0000000090700000| PB 0x0000000090700000| Untracked |  0
| 210|0x0000000090800000, 0x0000000090800000, 0x0000000090900000|  0%| F|  |TAMS 0x0000000090800000| PB 0x0000000090800000| Untracked |  0
| 211|0x0000000090900000, 0x0000000090900000, 0x0000000090a00000|  0%| F|  |TAMS 0x0000000090900000| PB 0x0000000090900000| Untracked |  0
| 212|0x0000000090a00000, 0x0000000090a00000, 0x0000000090b00000|  0%| F|  |TAMS 0x0000000090a00000| PB 0x0000000090a00000| Untracked |  0
| 213|0x0000000090b00000, 0x0000000090b00000, 0x0000000090c00000|  0%| F|  |TAMS 0x0000000090b00000| PB 0x0000000090b00000| Untracked |  0
| 214|0x0000000090c00000, 0x0000000090c00000, 0x0000000090d00000|  0%| F|  |TAMS 0x0000000090c00000| PB 0x0000000090c00000| Untracked |  0
| 215|0x0000000090d00000, 0x0000000090d00000, 0x0000000090e00000|  0%| F|  |TAMS 0x0000000090d00000| PB 0x0000000090d00000| Untracked |  0
| 216|0x0000000090e00000, 0x0000000090e00000, 0x0000000090f00000|  0%| F|  |TAMS 0x0000000090e00000| PB 0x0000000090e00000| Untracked |  0
| 217|0x0000000090f00000, 0x0000000090f00000, 0x0000000091000000|  0%| F|  |TAMS 0x0000000090f00000| PB 0x0000000090f00000| Untracked |  0
| 218|0x0000000091000000, 0x0000000091000000, 0x0000000091100000|  0%| F|  |TAMS 0x0000000091000000| PB 0x0000000091000000| Untracked |  0
| 219|0x0000000091100000, 0x0000000091100000, 0x0000000091200000|  0%| F|  |TAMS 0x0000000091100000| PB 0x0000000091100000| Untracked |  0
| 220|0x0000000091200000, 0x0000000091200000, 0x0000000091300000|  0%| F|  |TAMS 0x0000000091200000| PB 0x0000000091200000| Untracked |  0
| 221|0x0000000091300000, 0x0000000091300000, 0x0000000091400000|  0%| F|  |TAMS 0x0000000091300000| PB 0x0000000091300000| Untracked |  0
| 222|0x0000000091400000, 0x0000000091400000, 0x0000000091500000|  0%| F|  |TAMS 0x0000000091400000| PB 0x0000000091400000| Untracked |  0
| 223|0x0000000091500000, 0x0000000091500000, 0x0000000091600000|  0%| F|  |TAMS 0x0000000091500000| PB 0x0000000091500000| Untracked |  0
| 224|0x0000000091600000, 0x0000000091600000, 0x0000000091700000|  0%| F|  |TAMS 0x0000000091600000| PB 0x0000000091600000| Untracked |  0
| 225|0x0000000091700000, 0x0000000091700000, 0x0000000091800000|  0%| F|  |TAMS 0x0000000091700000| PB 0x0000000091700000| Untracked |  0
| 226|0x0000000091800000, 0x0000000091800000, 0x0000000091900000|  0%| F|  |TAMS 0x0000000091800000| PB 0x0000000091800000| Untracked |  0
| 227|0x0000000091900000, 0x0000000091900000, 0x0000000091a00000|  0%| F|  |TAMS 0x0000000091900000| PB 0x0000000091900000| Untracked |  0
| 228|0x0000000091a00000, 0x0000000091a00000, 0x0000000091b00000|  0%| F|  |TAMS 0x0000000091a00000| PB 0x0000000091a00000| Untracked |  0
| 229|0x0000000091b00000, 0x0000000091b00000, 0x0000000091c00000|  0%| F|  |TAMS 0x0000000091b00000| PB 0x0000000091b00000| Untracked |  0
| 230|0x0000000091c00000, 0x0000000091c00000, 0x0000000091d00000|  0%| F|  |TAMS 0x0000000091c00000| PB 0x0000000091c00000| Untracked |  0
| 231|0x0000000091d00000, 0x0000000091d00000, 0x0000000091e00000|  0%| F|  |TAMS 0x0000000091d00000| PB 0x0000000091d00000| Untracked |  0
| 232|0x0000000091e00000, 0x0000000091e00000, 0x0000000091f00000|  0%| F|  |TAMS 0x0000000091e00000| PB 0x0000000091e00000| Untracked |  0
| 233|0x0000000091f00000, 0x0000000091f00000, 0x0000000092000000|  0%| F|  |TAMS 0x0000000091f00000| PB 0x0000000091f00000| Untracked |  0
| 234|0x0000000092000000, 0x0000000092000000, 0x0000000092100000|  0%| F|  |TAMS 0x0000000092000000| PB 0x0000000092000000| Untracked |  0
| 235|0x0000000092100000, 0x0000000092100000, 0x0000000092200000|  0%| F|  |TAMS 0x0000000092100000| PB 0x0000000092100000| Untracked |  0
| 236|0x0000000092200000, 0x0000000092200000, 0x0000000092300000|  0%| F|  |TAMS 0x0000000092200000| PB 0x0000000092200000| Untracked |  0
| 237|0x0000000092300000, 0x0000000092300000, 0x0000000092400000|  0%| F|  |TAMS 0x0000000092300000| PB 0x0000000092300000| Untracked |  0
| 238|0x0000000092400000, 0x0000000092400000, 0x0000000092500000|  0%| F|  |TAMS 0x0000000092400000| PB 0x0000000092400000| Untracked |  0
| 239|0x0000000092500000, 0x0000000092500000, 0x0000000092600000|  0%| F|  |TAMS 0x0000000092500000| PB 0x0000000092500000| Untracked |  0
| 240|0x0000000092600000, 0x0000000092600000, 0x0000000092700000|  0%| F|  |TAMS 0x0000000092600000| PB 0x0000000092600000| Untracked |  0
| 241|0x0000000092700000, 0x0000000092700000, 0x0000000092800000|  0%| F|  |TAMS 0x0000000092700000| PB 0x0000000092700000| Untracked |  0
| 242|0x0000000092800000, 0x0000000092800000, 0x0000000092900000|  0%| F|  |TAMS 0x0000000092800000| PB 0x0000000092800000| Untracked |  0
| 243|0x0000000092900000, 0x0000000092900000, 0x0000000092a00000|  0%| F|  |TAMS 0x0000000092900000| PB 0x0000000092900000| Untracked |  0
| 244|0x0000000092a00000, 0x0000000092a00000, 0x0000000092b00000|  0%| F|  |TAMS 0x0000000092a00000| PB 0x0000000092a00000| Untracked |  0
| 245|0x0000000092b00000, 0x0000000092b00000, 0x0000000092c00000|  0%| F|  |TAMS 0x0000000092b00000| PB 0x0000000092b00000| Untracked |  0
| 246|0x0000000092c00000, 0x0000000092c00000, 0x0000000092d00000|  0%| F|  |TAMS 0x0000000092c00000| PB 0x0000000092c00000| Untracked |  0
| 247|0x0000000092d00000, 0x0000000092d00000, 0x0000000092e00000|  0%| F|  |TAMS 0x0000000092d00000| PB 0x0000000092d00000| Untracked |  0
| 248|0x0000000092e00000, 0x0000000092e80000, 0x0000000092f00000| 50%| E|  |TAMS 0x0000000092e00000| PB 0x0000000092e00000| Complete |  0
| 249|0x0000000092f00000, 0x0000000093000000, 0x0000000093000000|100%| E|CS|TAMS 0x0000000092f00000| PB 0x0000000092f00000| Complete |  0
| 250|0x0000000093000000, 0x0000000093100000, 0x0000000093100000|100%| E|CS|TAMS 0x0000000093000000| PB 0x0000000093000000| Complete |  0
| 251|0x0000000093100000, 0x0000000093200000, 0x0000000093200000|100%| E|CS|TAMS 0x0000000093100000| PB 0x0000000093100000| Complete |  0
| 252|0x0000000093200000, 0x0000000093300000, 0x0000000093300000|100%| E|CS|TAMS 0x0000000093200000| PB 0x0000000093200000| Complete |  0
| 253|0x0000000093300000, 0x0000000093400000, 0x0000000093400000|100%| E|CS|TAMS 0x0000000093300000| PB 0x0000000093300000| Complete |  0
| 254|0x0000000093400000, 0x0000000093500000, 0x0000000093500000|100%| E|CS|TAMS 0x0000000093400000| PB 0x0000000093400000| Complete |  0
| 255|0x0000000093500000, 0x0000000093600000, 0x0000000093600000|100%| E|CS|TAMS 0x0000000093500000| PB 0x0000000093500000| Complete |  0
| 256|0x0000000093600000, 0x0000000093700000, 0x0000000093700000|100%| E|CS|TAMS 0x0000000093600000| PB 0x0000000093600000| Complete |  0
| 257|0x0000000093700000, 0x0000000093800000, 0x0000000093800000|100%| E|CS|TAMS 0x0000000093700000| PB 0x0000000093700000| Complete |  0
| 258|0x0000000093800000, 0x0000000093900000, 0x0000000093900000|100%| E|CS|TAMS 0x0000000093800000| PB 0x0000000093800000| Complete |  0
| 259|0x0000000093900000, 0x0000000093a00000, 0x0000000093a00000|100%| E|CS|TAMS 0x0000000093900000| PB 0x0000000093900000| Complete |  0
| 260|0x0000000093a00000, 0x0000000093b00000, 0x0000000093b00000|100%| E|CS|TAMS 0x0000000093a00000| PB 0x0000000093a00000| Complete |  0
| 261|0x0000000093b00000, 0x0000000093c00000, 0x0000000093c00000|100%| E|CS|TAMS 0x0000000093b00000| PB 0x0000000093b00000| Complete |  0
| 262|0x0000000093c00000, 0x0000000093d00000, 0x0000000093d00000|100%| E|CS|TAMS 0x0000000093c00000| PB 0x0000000093c00000| Complete |  0
| 263|0x0000000093d00000, 0x0000000093e00000, 0x0000000093e00000|100%| E|CS|TAMS 0x0000000093d00000| PB 0x0000000093d00000| Complete |  0
| 264|0x0000000093e00000, 0x0000000093f00000, 0x0000000093f00000|100%| E|CS|TAMS 0x0000000093e00000| PB 0x0000000093e00000| Complete |  0
| 265|0x0000000093f00000, 0x0000000094000000, 0x0000000094000000|100%| E|CS|TAMS 0x0000000093f00000| PB 0x0000000093f00000| Complete |  0
| 266|0x0000000094000000, 0x0000000094100000, 0x0000000094100000|100%| E|CS|TAMS 0x0000000094000000| PB 0x0000000094000000| Complete |  0
| 267|0x0000000094100000, 0x0000000094200000, 0x0000000094200000|100%| E|CS|TAMS 0x0000000094100000| PB 0x0000000094100000| Complete |  0
| 268|0x0000000094200000, 0x0000000094300000, 0x0000000094300000|100%| E|CS|TAMS 0x0000000094200000| PB 0x0000000094200000| Complete |  0
| 269|0x0000000094300000, 0x0000000094400000, 0x0000000094400000|100%| E|CS|TAMS 0x0000000094300000| PB 0x0000000094300000| Complete |  0
| 270|0x0000000094400000, 0x0000000094500000, 0x0000000094500000|100%| E|CS|TAMS 0x0000000094400000| PB 0x0000000094400000| Complete |  0
| 271|0x0000000094500000, 0x0000000094600000, 0x0000000094600000|100%| E|CS|TAMS 0x0000000094500000| PB 0x0000000094500000| Complete |  0
| 272|0x0000000094600000, 0x0000000094700000, 0x0000000094700000|100%| E|CS|TAMS 0x0000000094600000| PB 0x0000000094600000| Complete |  0
| 273|0x0000000094700000, 0x0000000094800000, 0x0000000094800000|100%| E|CS|TAMS 0x0000000094700000| PB 0x0000000094700000| Complete |  0
| 274|0x0000000094800000, 0x0000000094900000, 0x0000000094900000|100%| E|CS|TAMS 0x0000000094800000| PB 0x0000000094800000| Complete |  0
| 275|0x0000000094900000, 0x0000000094a00000, 0x0000000094a00000|100%| E|CS|TAMS 0x0000000094900000| PB 0x0000000094900000| Complete |  0
| 276|0x0000000094a00000, 0x0000000094b00000, 0x0000000094b00000|100%| E|CS|TAMS 0x0000000094a00000| PB 0x0000000094a00000| Complete |  0
| 277|0x0000000094b00000, 0x0000000094c00000, 0x0000000094c00000|100%| E|CS|TAMS 0x0000000094b00000| PB 0x0000000094b00000| Complete |  0
| 278|0x0000000094c00000, 0x0000000094d00000, 0x0000000094d00000|100%| E|CS|TAMS 0x0000000094c00000| PB 0x0000000094c00000| Complete |  0
| 279|0x0000000094d00000, 0x0000000094e00000, 0x0000000094e00000|100%| E|CS|TAMS 0x0000000094d00000| PB 0x0000000094d00000| Complete |  0
| 280|0x0000000094e00000, 0x0000000094f00000, 0x0000000094f00000|100%| E|CS|TAMS 0x0000000094e00000| PB 0x0000000094e00000| Complete |  0
| 281|0x0000000094f00000, 0x0000000095000000, 0x0000000095000000|100%| E|CS|TAMS 0x0000000094f00000| PB 0x0000000094f00000| Complete |  0
| 282|0x0000000095000000, 0x0000000095100000, 0x0000000095100000|100%| E|  |TAMS 0x0000000095000000| PB 0x0000000095000000| Complete |  0
| 283|0x0000000095100000, 0x0000000095200000, 0x0000000095200000|100%| E|CS|TAMS 0x0000000095100000| PB 0x0000000095100000| Complete |  0
| 284|0x0000000095200000, 0x0000000095300000, 0x0000000095300000|100%| E|CS|TAMS 0x0000000095200000| PB 0x0000000095200000| Complete |  0
| 285|0x0000000095300000, 0x0000000095400000, 0x0000000095400000|100%| E|CS|TAMS 0x0000000095300000| PB 0x0000000095300000| Complete |  0
| 286|0x0000000095400000, 0x0000000095500000, 0x0000000095500000|100%| E|CS|TAMS 0x0000000095400000| PB 0x0000000095400000| Complete |  0
| 287|0x0000000095500000, 0x0000000095600000, 0x0000000095600000|100%| E|CS|TAMS 0x0000000095500000| PB 0x0000000095500000| Complete |  0
| 288|0x0000000095600000, 0x0000000095700000, 0x0000000095700000|100%| E|CS|TAMS 0x0000000095600000| PB 0x0000000095600000| Complete |  0
| 289|0x0000000095700000, 0x0000000095800000, 0x0000000095800000|100%| E|CS|TAMS 0x0000000095700000| PB 0x0000000095700000| Complete |  0
| 290|0x0000000095800000, 0x0000000095900000, 0x0000000095900000|100%| E|CS|TAMS 0x0000000095800000| PB 0x0000000095800000| Complete |  0
| 291|0x0000000095900000, 0x0000000095a00000, 0x0000000095a00000|100%| E|CS|TAMS 0x0000000095900000| PB 0x0000000095900000| Complete |  0
| 292|0x0000000095a00000, 0x0000000095b00000, 0x0000000095b00000|100%| E|CS|TAMS 0x0000000095a00000| PB 0x0000000095a00000| Complete |  0
| 293|0x0000000095b00000, 0x0000000095c00000, 0x0000000095c00000|100%| E|CS|TAMS 0x0000000095b00000| PB 0x0000000095b00000| Complete |  0
| 294|0x0000000095c00000, 0x0000000095d00000, 0x0000000095d00000|100%| E|CS|TAMS 0x0000000095c00000| PB 0x0000000095c00000| Complete |  0
| 295|0x0000000095d00000, 0x0000000095e00000, 0x0000000095e00000|100%| E|CS|TAMS 0x0000000095d00000| PB 0x0000000095d00000| Complete |  0
| 296|0x0000000095e00000, 0x0000000095f00000, 0x0000000095f00000|100%| E|CS|TAMS 0x0000000095e00000| PB 0x0000000095e00000| Complete |  0
| 297|0x0000000095f00000, 0x0000000096000000, 0x0000000096000000|100%| E|CS|TAMS 0x0000000095f00000| PB 0x0000000095f00000| Complete |  0
| 298|0x0000000096000000, 0x0000000096100000, 0x0000000096100000|100%| E|CS|TAMS 0x0000000096000000| PB 0x0000000096000000| Complete |  0
| 299|0x0000000096100000, 0x0000000096200000, 0x0000000096200000|100%| E|CS|TAMS 0x0000000096100000| PB 0x0000000096100000| Complete |  0
| 300|0x0000000096200000, 0x0000000096300000, 0x0000000096300000|100%| E|CS|TAMS 0x0000000096200000| PB 0x0000000096200000| Complete |  0
| 301|0x0000000096300000, 0x0000000096400000, 0x0000000096400000|100%| E|CS|TAMS 0x0000000096300000| PB 0x0000000096300000| Complete |  0
| 302|0x0000000096400000, 0x0000000096500000, 0x0000000096500000|100%| E|CS|TAMS 0x0000000096400000| PB 0x0000000096400000| Complete |  0
| 303|0x0000000096500000, 0x0000000096600000, 0x0000000096600000|100%| E|CS|TAMS 0x0000000096500000| PB 0x0000000096500000| Complete |  0
| 304|0x0000000096600000, 0x0000000096700000, 0x0000000096700000|100%| E|CS|TAMS 0x0000000096600000| PB 0x0000000096600000| Complete |  0
| 305|0x0000000096700000, 0x0000000096800000, 0x0000000096800000|100%| E|CS|TAMS 0x0000000096700000| PB 0x0000000096700000| Complete |  0
| 306|0x0000000096800000, 0x0000000096900000, 0x0000000096900000|100%| E|CS|TAMS 0x0000000096800000| PB 0x0000000096800000| Complete |  0
| 307|0x0000000096900000, 0x0000000096a00000, 0x0000000096a00000|100%| E|CS|TAMS 0x0000000096900000| PB 0x0000000096900000| Complete |  0
| 308|0x0000000096a00000, 0x0000000096b00000, 0x0000000096b00000|100%| E|CS|TAMS 0x0000000096a00000| PB 0x0000000096a00000| Complete |  0
| 309|0x0000000096b00000, 0x0000000096c00000, 0x0000000096c00000|100%| E|CS|TAMS 0x0000000096b00000| PB 0x0000000096b00000| Complete |  0
| 310|0x0000000096c00000, 0x0000000096d00000, 0x0000000096d00000|100%| E|CS|TAMS 0x0000000096c00000| PB 0x0000000096c00000| Complete |  0
| 311|0x0000000096d00000, 0x0000000096d66a98, 0x0000000096e00000| 40%| S|CS|TAMS 0x0000000096d00000| PB 0x0000000096d00000| Complete |  0
|1970|0x00000000fe800000, 0x00000000fe900000, 0x00000000fe900000|100%| O|  |TAMS 0x00000000fe800000| PB 0x00000000fe800000| Untracked |  0
|1971|0x00000000fe900000, 0x00000000fea00000, 0x00000000fea00000|100%| S|CS|TAMS 0x00000000fe900000| PB 0x00000000fe900000| Complete |  0
|1972|0x00000000fea00000, 0x00000000feb00000, 0x00000000feb00000|100%| S|CS|TAMS 0x00000000fea00000| PB 0x00000000fea00000| Complete |  0
|1973|0x00000000feb00000, 0x00000000fec00000, 0x00000000fec00000|100%| S|CS|TAMS 0x00000000feb00000| PB 0x00000000feb00000| Complete |  0
|1974|0x00000000fec00000, 0x00000000fed00000, 0x00000000fed00000|100%| E|CS|TAMS 0x00000000fec00000| PB 0x00000000fec00000| Complete |  0
|1975|0x00000000fed00000, 0x00000000fee00000, 0x00000000fee00000|100%| O|Cm|TAMS 0x00000000fed00000| PB 0x00000000fed00000| Complete |  0
|1976|0x00000000fee00000, 0x00000000fef00000, 0x00000000fef00000|100%| E|CS|TAMS 0x00000000fee00000| PB 0x00000000fee00000| Complete |  0
|1977|0x00000000fef00000, 0x00000000ff000000, 0x00000000ff000000|100%| O|  |TAMS 0x00000000fef00000| PB 0x00000000fef00000| Untracked |  0
|1978|0x00000000ff000000, 0x00000000ff100000, 0x00000000ff100000|100%| O|  |TAMS 0x00000000ff000000| PB 0x00000000ff000000| Untracked |  0
|1979|0x00000000ff100000, 0x00000000ff200000, 0x00000000ff200000|100%| O|  |TAMS 0x00000000ff100000| PB 0x00000000ff100000| Untracked |  0
|1980|0x00000000ff200000, 0x00000000ff300000, 0x00000000ff300000|100%| O|  |TAMS 0x00000000ff200000| PB 0x00000000ff200000| Untracked |  0
|1981|0x00000000ff300000, 0x00000000ff400000, 0x00000000ff400000|100%| O|  |TAMS 0x00000000ff300000| PB 0x00000000ff300000| Untracked |  0
|1982|0x00000000ff400000, 0x00000000ff500000, 0x00000000ff500000|100%| O|  |TAMS 0x00000000ff400000| PB 0x00000000ff400000| Untracked |  0
|1983|0x00000000ff500000, 0x00000000ff600000, 0x00000000ff600000|100%| O|  |TAMS 0x00000000ff500000| PB 0x00000000ff500000| Untracked |  0
|1984|0x00000000ff600000, 0x00000000ff700000, 0x00000000ff700000|100%| O|  |TAMS 0x00000000ff600000| PB 0x00000000ff600000| Untracked |  0
|1985|0x00000000ff700000, 0x00000000ff800000, 0x00000000ff800000|100%| O|  |TAMS 0x00000000ff700000| PB 0x00000000ff700000| Untracked |  0
|1986|0x00000000ff800000, 0x00000000ff900000, 0x00000000ff900000|100%| O|  |TAMS 0x00000000ff800000| PB 0x00000000ff800000| Untracked |  0
|1987|0x00000000ff900000, 0x00000000ffa00000, 0x00000000ffa00000|100%| O|  |TAMS 0x00000000ff900000| PB 0x00000000ff900000| Untracked |  0
|1988|0x00000000ffa00000, 0x00000000ffb00000, 0x00000000ffb00000|100%| O|  |TAMS 0x00000000ffa00000| PB 0x00000000ffa00000| Untracked |  0
|1989|0x00000000ffb00000, 0x00000000ffc00000, 0x00000000ffc00000|100%| E|CS|TAMS 0x00000000ffb00000| PB 0x00000000ffb00000| Complete |  0
|1990|0x00000000ffc00000, 0x00000000ffd00000, 0x00000000ffd00000|100%| E|CS|TAMS 0x00000000ffc00000| PB 0x00000000ffc00000| Complete |  0
|1991|0x00000000ffd00000, 0x00000000ffe00000, 0x00000000ffe00000|100%| O|  |TAMS 0x00000000ffd00000| PB 0x00000000ffd00000| Untracked |  0
|1992|0x00000000ffe00000, 0x00000000fff00000, 0x00000000fff00000|100%| O|  |TAMS 0x00000000ffe00000| PB 0x00000000ffe00000| Untracked |  0
|1993|0x00000000fff00000, 0x0000000100000000, 0x0000000100000000|100%| E|CS|TAMS 0x00000000fff00000| PB 0x00000000fff00000| Complete |  0

Card table byte_map: [0x0000013942ad0000,0x0000013942ec0000] _byte_map_base: 0x00000139426b5000

Marking Bits: (CMBitMap*) 0x000001392ab784e0
 Bits: [0x0000013942ec0000, 0x0000013944de8000)

Polling page: 0x0000013928990000

Metaspace:
Metaspace        used 44966K, committed 45504K, reserved 1114112K
 class space     used 5121K, committed 5376K, reserved 1048576K

Usage:
  Non-class:     38.91 MB used.
      Class:      5.00 MB used.
       Both:     43.91 MB used.

Virtual space:
  Non-class space:       64.00 MB reserved,      39.19 MB ( 61%) committed,  1 nodes.
      Class space:        1.00 GB reserved,       5.25 MB ( <1%) committed,  1 nodes.
             Both:        1.06 GB reserved,      44.44 MB (  4%) committed. 

Chunk freelists:
   Non-Class:  8.42 MB
       Class:  10.59 MB
        Both:  19.01 MB

MaxMetaspaceSize: unlimited
CompressedClassSpaceSize: 1.00 GB
Initial GC threshold: 21.00 MB
Current GC threshold: 74.00 MB
CDS: on
 - commit_granule_bytes: 65536.
 - commit_granule_words: 8192.
 - virtual_space_node_default_size: 8388608.
 - enlarge_chunks_in_place: 1.
UseCompressedClassPointers 1, UseCompactObjectHeaders 0
Narrow klass pointer bits 32, Max shift 3
Narrow klass base: 0x000000000e000000, Narrow klass shift: 0
Encoding Range: [0x000000000e000000 - 0x000000010e000000), (4294967296 bytes)
Klass Range:    [0x000000000e010000 - 0x000000004f000000), (1090453504 bytes)
Klass ID Range:  [65536 - 1090519033) (1090453497)
Protection zone: [0x000000000e000000 - 0x000000000e010000), (65536 bytes)


Internal statistics:

num_allocs_failed_limit: 3.
num_arena_births: 496.
num_arena_deaths: 28.
num_vsnodes_births: 2.
num_vsnodes_deaths: 0.
num_space_committed: 713.
num_space_uncommitted: 2.
num_chunks_returned_to_freelist: 55.
num_chunks_taken_from_freelist: 1994.
num_chunk_merges: 13.
num_chunk_splits: 1366.
num_chunks_enlarged: 1067.
num_inconsistent_stats: 0.

CodeHeap 'non-profiled nmethods': size=120064Kb used=6753Kb max_used=7184Kb free=113310Kb
 bounds [0x000001393ae70000, 0x000001393b580000, 0x00000139423b0000]
CodeHeap 'profiled nmethods': size=120000Kb used=16406Kb max_used=18787Kb free=103593Kb
 bounds [0x00000139333b0000, 0x0000013934610000, 0x000001393a8e0000]
CodeHeap 'non-nmethods': size=5696Kb used=1696Kb max_used=1904Kb free=4000Kb
 bounds [0x000001393a8e0000, 0x000001393ab50000, 0x000001393ae70000]
CodeCache: size=245760Kb, used=24855Kb, max_used=27875Kb, free=220903Kb
 total_blobs=10599, nmethods=9946, adapters=555, full_count=0
Compilation: enabled, stopped_count=0, restarted_count=0

Compilation events (20 events):
Event: 47.141 Thread 0x00000139477ead40 nmethod 13515 0x000001393b559a08 code [0x000001393b559b00, 0x000001393b559bc8]
Event: 47.141 Thread 0x00000139477ead40 13516       1       io.quarkus.maven.dependency.ResolvedArtifactDependency::getDirectDependencies (5 bytes)
Event: 47.141 Thread 0x00000139477da6d0 nmethod 13523 0x000001393b559d08 code [0x000001393b559e00, 0x000001393b559f50]
Event: 47.141 Thread 0x00000139477ead40 nmethod 13516 0x000001393b55a008 code [0x000001393b55a100, 0x000001393b55a1c8]
Event: 47.141 Thread 0x00000139477ead40 13509       3       java.lang.String$$StringConcat/0x000000000f52b000::concat (130 bytes)
Event: 47.142 Thread 0x00000139477ead40 nmethod 13509 0x0000013934403f08 code [0x0000013934404000, 0x0000013934406f38]
Event: 47.142 Thread 0x00000139477ead40 13524       3       io.quarkus.bootstrap.app.ApplicationModelSerializer$JsonCollectionFactory::newCollection (5 bytes)
Event: 47.143 Thread 0x00000139477ead40 nmethod 13524 0x0000013933609588 code [0x0000013933609680, 0x0000013933609a68]
Event: 47.143 Thread 0x00000139477ead40 13525       3       io.quarkus.bootstrap.json.Json::array (10 bytes)
Event: 47.143 Thread 0x00000139477ead40 nmethod 13525 0x00000139337cc488 code [0x00000139337cc580, 0x00000139337cc8e0]
Event: 47.143 Thread 0x00000139477ead40 13527       3       io.quarkus.bootstrap.model.Mappable::toStringCollection (66 bytes)
Event: 47.143 Thread 0x00000139477ead40 nmethod 13527 0x0000013933516188 code [0x0000013933516280, 0x0000013933516e28]
Event: 47.143 Thread 0x00000139477ead40 13526       3       io.quarkus.bootstrap.json.Json$JsonArrayBuilder::<init> (18 bytes)
Event: 47.143 Thread 0x00000139477ead40 nmethod 13526 0x0000013933c99808 code [0x0000013933c99900, 0x0000013933c99bc8]
Event: 47.143 Thread 0x00000139477ead40 13510       3       java.lang.String$$StringConcat/0x000000000f52b000::coder (29 bytes)
Event: 47.143 Thread 0x00000139477ead40 nmethod 13510 0x000001393445b488 code [0x000001393445b580, 0x000001393445bba8]
Event: 47.143 Thread 0x00000139477ead40 13513       3       java.lang.String$$StringConcat/0x000000000f52b000::prepend (52 bytes)
Event: 47.143 Thread 0x00000139477ead40 nmethod 13513 0x00000139334e2188 code [0x00000139334e2280, 0x00000139334e24f0]
Event: 47.144 Thread 0x00000139477ead40 13506       3       io.quarkus.bootstrap.json.Json$JsonBuilder::<init> (10 bytes)
Event: 47.144 Thread 0x00000139477ead40 nmethod 13506 0x0000013933515e88 code [0x0000013933515f80, 0x00000139335160e8]

GC Heap Usage History (20 events):
Event: 32.871 {heap Before GC invocations=28 (full 0):
 garbage-first heap   total reserved 2041856K, committed 196608K, used 143831K [0x0000000083600000, 0x0000000100000000)
  region size 1024K, 56 young (57344K), 11 survivors (11264K)
}
Event: 32.884 {heap After GC invocations=29 (full 0):
 garbage-first heap   total reserved 2041856K, committed 196608K, used 105431K [0x0000000083600000, 0x0000000100000000)
  region size 1024K, 6 young (6144K), 6 survivors (6144K)
}
Event: 40.525 {heap Before GC invocations=30 (full 0):
 garbage-first heap   total reserved 2041856K, committed 196608K, used 178135K [0x0000000083600000, 0x0000000100000000)
  region size 1024K, 63 young (64512K), 6 survivors (6144K)
}
Event: 40.542 {heap After GC invocations=31 (full 0):
 garbage-first heap   total reserved 2041856K, committed 203776K, used 134103K [0x0000000083600000, 0x0000000100000000)
  region size 1024K, 8 young (8192K), 8 survivors (8192K)
}
Event: 41.033 {heap Before GC invocations=31 (full 0):
 garbage-first heap   total reserved 2041856K, committed 203776K, used 171991K [0x0000000083600000, 0x0000000100000000)
  region size 1024K, 44 young (45056K), 8 survivors (8192K)
}
Event: 41.045 {heap After GC invocations=32 (full 0):
 garbage-first heap   total reserved 2041856K, committed 203776K, used 137216K [0x0000000083600000, 0x0000000100000000)
  region size 1024K, 6 young (6144K), 6 survivors (6144K)
}
Event: 41.455 {heap Before GC invocations=32 (full 0):
 garbage-first heap   total reserved 2041856K, committed 203776K, used 173056K [0x0000000083600000, 0x0000000100000000)
  region size 1024K, 41 young (41984K), 6 survivors (6144K)
}
Event: 41.463 {heap After GC invocations=33 (full 0):
 garbage-first heap   total reserved 2041856K, committed 203776K, used 149504K [0x0000000083600000, 0x0000000100000000)
  region size 1024K, 6 young (6144K), 6 survivors (6144K)
}
Event: 41.723 {heap Before GC invocations=34 (full 0):
 garbage-first heap   total reserved 2041856K, committed 244736K, used 175104K [0x0000000083600000, 0x0000000100000000)
  region size 1024K, 34 young (34816K), 6 survivors (6144K)
}
Event: 41.730 {heap After GC invocations=35 (full 0):
 garbage-first heap   total reserved 2041856K, committed 244736K, used 151552K [0x0000000083600000, 0x0000000100000000)
  region size 1024K, 4 young (4096K), 4 survivors (4096K)
}
Event: 43.198 {heap Before GC invocations=35 (full 0):
 garbage-first heap   total reserved 2041856K, committed 244736K, used 208896K [0x0000000083600000, 0x0000000100000000)
  region size 1024K, 60 young (61440K), 4 survivors (4096K)
}
Event: 43.208 {heap After GC invocations=36 (full 0):
 garbage-first heap   total reserved 2041856K, committed 344064K, used 148367K [0x0000000083600000, 0x0000000100000000)
  region size 1024K, 7 young (7168K), 7 survivors (7168K)
}
Event: 44.221 {heap Before GC invocations=36 (full 0):
 garbage-first heap   total reserved 2041856K, committed 344064K, used 285583K [0x0000000083600000, 0x0000000100000000)
  region size 1024K, 141 young (144384K), 7 survivors (7168K)
}
Event: 44.231 {heap After GC invocations=37 (full 0):
 garbage-first heap   total reserved 2041856K, committed 344064K, used 154605K [0x0000000083600000, 0x0000000100000000)
  region size 1024K, 13 young (13312K), 13 survivors (13312K)
}
Event: 45.166 {heap Before GC invocations=37 (full 0):
 garbage-first heap   total reserved 2041856K, committed 344064K, used 291821K [0x0000000083600000, 0x0000000100000000)
  region size 1024K, 147 young (150528K), 13 survivors (13312K)
}
Event: 45.176 {heap After GC invocations=38 (full 0):
 garbage-first heap   total reserved 2041856K, committed 344064K, used 159490K [0x0000000083600000, 0x0000000100000000)
  region size 1024K, 15 young (15360K), 15 survivors (15360K)
}
Event: 46.096 {heap Before GC invocations=38 (full 0):
 garbage-first heap   total reserved 2041856K, committed 344064K, used 249602K [0x0000000083600000, 0x0000000100000000)
  region size 1024K, 104 young (106496K), 15 survivors (15360K)
}
Event: 46.106 {heap After GC invocations=39 (full 0):
 garbage-first heap   total reserved 2041856K, committed 344064K, used 160858K [0x0000000083600000, 0x0000000100000000)
  region size 1024K, 13 young (13312K), 13 survivors (13312K)
}
Event: 46.567 {heap Before GC invocations=40 (full 0):
 garbage-first heap   total reserved 2041856K, committed 344064K, used 309338K [0x0000000083600000, 0x0000000100000000)
  region size 1024K, 157 young (160768K), 13 survivors (13312K)
}
Event: 46.577 {heap After GC invocations=41 (full 0):
 garbage-first heap   total reserved 2041856K, committed 344064K, used 176158K [0x0000000083600000, 0x0000000100000000)
  region size 1024K, 20 young (20480K), 20 survivors (20480K)
}

Metaspace Usage History (20 events):
Event: 32.871 {metaspace Before GC invocations=28 (full 0):
 Metaspace       used 35536K, committed 36032K, reserved 1114112K
  class space    used 4049K, committed 4288K, reserved 1048576K
}
Event: 32.884 {metaspace After GC invocations=29 (full 0):
 Metaspace       used 35536K, committed 36032K, reserved 1114112K
  class space    used 4049K, committed 4288K, reserved 1048576K
}
Event: 40.525 {metaspace Before GC invocations=30 (full 0):
 Metaspace       used 41247K, committed 41664K, reserved 1114112K
  class space    used 4747K, committed 4928K, reserved 1048576K
}
Event: 40.542 {metaspace After GC invocations=31 (full 0):
 Metaspace       used 41247K, committed 41664K, reserved 1114112K
  class space    used 4747K, committed 4928K, reserved 1048576K
}
Event: 41.033 {metaspace Before GC invocations=31 (full 0):
 Metaspace       used 41264K, committed 41728K, reserved 1114112K
  class space    used 4747K, committed 4928K, reserved 1048576K
}
Event: 41.045 {metaspace After GC invocations=32 (full 0):
 Metaspace       used 41264K, committed 41728K, reserved 1114112K
  class space    used 4747K, committed 4928K, reserved 1048576K
}
Event: 41.455 {metaspace Before GC invocations=32 (full 0):
 Metaspace       used 41444K, committed 41856K, reserved 1114112K
  class space    used 4772K, committed 4928K, reserved 1048576K
}
Event: 41.463 {metaspace After GC invocations=33 (full 0):
 Metaspace       used 41444K, committed 41856K, reserved 1114112K
  class space    used 4772K, committed 4928K, reserved 1048576K
}
Event: 41.723 {metaspace Before GC invocations=34 (full 0):
 Metaspace       used 42030K, committed 42432K, reserved 1114112K
  class space    used 4816K, committed 4992K, reserved 1048576K
}
Event: 41.730 {metaspace After GC invocations=35 (full 0):
 Metaspace       used 42030K, committed 42432K, reserved 1114112K
  class space    used 4816K, committed 4992K, reserved 1048576K
}
Event: 43.198 {metaspace Before GC invocations=35 (full 0):
 Metaspace       used 44735K, committed 45312K, reserved 1114112K
  class space    used 5104K, committed 5376K, reserved 1048576K
}
Event: 43.208 {metaspace After GC invocations=36 (full 0):
 Metaspace       used 44735K, committed 45312K, reserved 1114112K
  class space    used 5104K, committed 5376K, reserved 1048576K
}
Event: 44.221 {metaspace Before GC invocations=36 (full 0):
 Metaspace       used 44871K, committed 45440K, reserved 1114112K
  class space    used 5117K, committed 5376K, reserved 1048576K
}
Event: 44.231 {metaspace After GC invocations=37 (full 0):
 Metaspace       used 44871K, committed 45440K, reserved 1114112K
  class space    used 5117K, committed 5376K, reserved 1048576K
}
Event: 45.166 {metaspace Before GC invocations=37 (full 0):
 Metaspace       used 44874K, committed 45440K, reserved 1114112K
  class space    used 5118K, committed 5376K, reserved 1048576K
}
Event: 45.176 {metaspace After GC invocations=38 (full 0):
 Metaspace       used 44874K, committed 45440K, reserved 1114112K
  class space    used 5118K, committed 5376K, reserved 1048576K
}
Event: 46.096 {metaspace Before GC invocations=38 (full 0):
 Metaspace       used 44876K, committed 45440K, reserved 1114112K
  class space    used 5118K, committed 5376K, reserved 1048576K
}
Event: 46.106 {metaspace After GC invocations=39 (full 0):
 Metaspace       used 44876K, committed 45440K, reserved 1114112K
  class space    used 5118K, committed 5376K, reserved 1048576K
}
Event: 46.567 {metaspace Before GC invocations=40 (full 0):
 Metaspace       used 44886K, committed 45440K, reserved 1114112K
  class space    used 5118K, committed 5376K, reserved 1048576K
}
Event: 46.577 {metaspace After GC invocations=41 (full 0):
 Metaspace       used 44886K, committed 45440K, reserved 1114112K
  class space    used 5118K, committed 5376K, reserved 1048576K
}

Dll operation events (9 events):
Event: 0.007 Loaded shared library C:\Program Files\Java\jdk-25.0.2\bin\java.dll
Event: 0.051 Loaded shared library C:\Program Files\Java\jdk-25.0.2\bin\net.dll
Event: 0.054 Loaded shared library C:\Program Files\Java\jdk-25.0.2\bin\nio.dll
Event: 0.064 Loaded shared library C:\Program Files\Java\jdk-25.0.2\bin\zip.dll
Event: 0.265 Loaded shared library C:\Program Files\Java\jdk-25.0.2\bin\jimage.dll
Event: 0.266 Loaded shared library C:\Users\gaelr\.m2\wrapper\dists\apache-maven-3.9.12\59fe215c0ad6947fea90184bf7add084544567b927287592651fda3782e0e798\lib\jansi-native\Windows\x86_64\jansi.dll
Event: 0.282 Loaded shared library C:\Program Files\Java\jdk-25.0.2\bin\verify.dll
Event: 8.590 Loaded shared library C:\Program Files\Java\jdk-25.0.2\bin\extnet.dll
Event: 8.678 Loaded shared library C:\Program Files\Java\jdk-25.0.2\bin\sunmscapi.dll

Deoptimization events (20 events):
Event: 46.988 Thread 0x0000013928874d60 Uncommon trap: trap_request=0xffffff45 fr.pc=0x000001393b457d68 relative=0x00000000000000e8
Event: 46.988 Thread 0x0000013928874d60 Uncommon trap: reason=unstable_if action=reinterpret pc=0x000001393b457d68 method=java.util.concurrent.locks.ReentrantReadWriteLock$Sync.tryAcquire(J)Z @ 22 c2
Event: 46.988 Thread 0x0000013928874d60 DEOPT PACKING pc=0x000001393b457d68 sp=0x000000271b3fd830
Event: 46.988 Thread 0x0000013928874d60 DEOPT UNPACKING pc=0x000001393aa0f482 sp=0x000000271b3fd6d8 mode 2
Event: 46.988 Thread 0x0000013928874d60 Uncommon trap: trap_request=0xffffff45 fr.pc=0x000001393b4b5a38 relative=0x00000000000000b8
Event: 46.988 Thread 0x0000013928874d60 Uncommon trap: reason=unstable_if action=reinterpret pc=0x000001393b4b5a38 method=java.util.concurrent.locks.ReentrantReadWriteLock$Sync.tryRelease(J)Z @ 26 c2
Event: 46.988 Thread 0x0000013928874d60 DEOPT PACKING pc=0x000001393b4b5a38 sp=0x000000271b3fd7d0
Event: 46.988 Thread 0x0000013928874d60 DEOPT UNPACKING pc=0x000001393aa0f482 sp=0x000000271b3fd750 mode 2
Event: 46.988 Thread 0x0000013928874d60 Uncommon trap: trap_request=0xffffff45 fr.pc=0x000001393afc8de8 relative=0x00000000000000e8
Event: 46.988 Thread 0x0000013928874d60 Uncommon trap: reason=unstable_if action=reinterpret pc=0x000001393afc8de8 method=java.util.concurrent.locks.ReentrantReadWriteLock$Sync.tryAcquire(J)Z @ 22 c2
Event: 46.988 Thread 0x0000013928874d60 DEOPT PACKING pc=0x000001393afc8de8 sp=0x000000271b3fd7a0
Event: 46.988 Thread 0x0000013928874d60 DEOPT UNPACKING pc=0x000001393aa0f482 sp=0x000000271b3fd6d8 mode 2
Event: 46.988 Thread 0x0000013928874d60 Uncommon trap: trap_request=0xffffff45 fr.pc=0x000001393af6c9ec relative=0x00000000000000ec
Event: 46.988 Thread 0x0000013928874d60 Uncommon trap: reason=unstable_if action=reinterpret pc=0x000001393af6c9ec method=java.util.concurrent.locks.ReentrantReadWriteLock$Sync.tryAcquire(J)Z @ 22 c2
Event: 46.988 Thread 0x0000013928874d60 DEOPT PACKING pc=0x000001393af6c9ec sp=0x000000271b3fd740
Event: 46.988 Thread 0x0000013928874d60 DEOPT UNPACKING pc=0x000001393aa0f482 sp=0x000000271b3fd6d8 mode 2
Event: 47.136 Thread 0x0000013928874d60 Uncommon trap: trap_request=0xffffffde fr.pc=0x000001393af15070 relative=0x0000000000000070
Event: 47.136 Thread 0x0000013928874d60 Uncommon trap: reason=class_check action=maybe_recompile pc=0x000001393af15070 method=java.lang.invoke.Invokers$Holder.linkToTargetMethod(Ljava/lang/Object;Ljava/lang/Object;Ljava/lang/Object;Ljava/lang/Object;)Ljava/lang/Object; @ 1 c2
Event: 47.136 Thread 0x0000013928874d60 DEOPT PACKING pc=0x000001393af15070 sp=0x000000271b3fd890
Event: 47.136 Thread 0x0000013928874d60 DEOPT UNPACKING pc=0x000001393aa0f482 sp=0x000000271b3fd840 mode 2

Classes loaded (20 events):
Event: 42.880 Loading class java/util/stream/ReferencePipeline$4
Event: 42.880 Loading class java/util/stream/IntPipeline$StatelessOp
Event: 42.880 Loading class java/util/stream/IntPipeline$StatelessOp done
Event: 42.880 Loading class java/util/stream/ReferencePipeline$4 done
Event: 42.882 Loading class java/util/stream/Nodes$IntFixedNodeBuilder
Event: 42.883 Loading class java/util/stream/Node$Builder$OfInt
Event: 42.883 Loading class java/util/stream/Sink$OfInt
Event: 42.883 Loading class java/util/stream/Sink$OfInt done
Event: 42.883 Loading class java/util/stream/Node$Builder$OfInt done
Event: 42.883 Loading class java/util/stream/Nodes$IntArrayNode
Event: 42.883 Loading class java/util/stream/Nodes$IntArrayNode done
Event: 42.885 Loading class java/util/stream/Nodes$IntFixedNodeBuilder done
Event: 42.885 Loading class java/util/stream/ReferencePipeline$4$1
Event: 42.885 Loading class java/util/stream/ReferencePipeline$4$1 done
Event: 42.994 Loading class java/util/EnumMap$Values
Event: 42.995 Loading class java/util/EnumMap$Values done
Event: 42.995 Loading class java/util/EnumMap$ValueIterator
Event: 42.995 Loading class java/util/EnumMap$ValueIterator done
Event: 47.020 Loading class java/util/Formatter$FormatSpecifierParser
Event: 47.132 Loading class java/util/Formatter$FormatSpecifierParser done

Classes unloaded (20 events):
Event: 32.937 Thread 0x00000139477b2dd0 Unloading class 0x000000000f3adc40 'org/apache/commons/cli/OptionValidator'
Event: 32.937 Thread 0x00000139477b2dd0 Unloading class 0x000000000f3ada10 'org/apache/commons/cli/Option$Builder'
Event: 32.937 Thread 0x00000139477b2dd0 Unloading class 0x000000000f3ad4a8 'org/apache/commons/cli/Option'
Event: 32.937 Thread 0x00000139477b2dd0 Unloading class 0x000000000f3ad208 'org/apache/commons/cli/Options'
Event: 32.937 Thread 0x00000139477b2dd0 Unloading class 0x000000000f3ad000 'org/apache/commons/cli/CommandLineParser'
Event: 32.937 Thread 0x00000139477b2dd0 Unloading class 0x000000000f3ac478 'org/apache/maven/cli/CLIManager'
Event: 32.937 Thread 0x00000139477b2dd0 Unloading class 0x000000000f3ac210 'org/apache/commons/cli/ParseException'
Event: 32.937 Thread 0x00000139477b2dd0 Unloading class 0x000000000f3ac000 'io/quarkus/bootstrap/resolver/maven/options/BootstrapMavenOptionsParser'
Event: 32.937 Thread 0x00000139477b2dd0 Unloading class 0x000000000f2a8c00 'java/lang/invoke/LambdaForm$MH+0x000000000f2a8c00'
Event: 32.937 Thread 0x00000139477b2dd0 Unloading class 0x000000000f2a8800 'java/lang/invoke/LambdaForm$MH+0x000000000f2a8800'
Event: 32.937 Thread 0x00000139477b2dd0 Unloading class 0x000000000f2a8000 'java/lang/invoke/LambdaForm$MH+0x000000000f2a8000'
Event: 32.937 Thread 0x00000139477b2dd0 Unloading class 0x000000000f2a7c00 'java/lang/invoke/LambdaForm$MH+0x000000000f2a7c00'
Event: 32.937 Thread 0x00000139477b2dd0 Unloading class 0x000000000f2a6800 'java/lang/invoke/LambdaForm$MH+0x000000000f2a6800'
Event: 32.937 Thread 0x00000139477b2dd0 Unloading class 0x000000000f2a6400 'java/lang/invoke/LambdaForm$MH+0x000000000f2a6400'
Event: 32.937 Thread 0x00000139477b2dd0 Unloading class 0x000000000f2a6000 'java/lang/invoke/LambdaForm$MH+0x000000000f2a6000'
Event: 32.937 Thread 0x00000139477b2dd0 Unloading class 0x000000000f2a5800 'java/lang/invoke/LambdaForm$MH+0x000000000f2a5800'
Event: 32.937 Thread 0x00000139477b2dd0 Unloading class 0x000000000f2a5000 'java/lang/invoke/LambdaForm$DMH+0x000000000f2a5000'
Event: 32.937 Thread 0x00000139477b2dd0 Unloading class 0x000000000f2a4c00 'java/lang/invoke/LambdaForm$DMH+0x000000000f2a4c00'
Event: 32.937 Thread 0x00000139477b2dd0 Unloading class 0x000000000f2a4800 'java/lang/invoke/LambdaForm$MH+0x000000000f2a4800'
Event: 32.937 Thread 0x00000139477b2dd0 Unloading class 0x000000000f2a4000 'java/lang/invoke/LambdaForm$MH+0x000000000f2a4000'

Classes redefined (0 events):
No events

Internal exceptions (20 events):
Event: 42.914 Thread 0x0000013928874d60 Exception <a 'sun/nio/fs/WindowsException'{0x000000008db23f78}> (0x000000008db23f78) 
thrown [s\open\src\hotspot\share\prims\jni.cpp, line 516]
Event: 42.922 Thread 0x0000013928874d60 Exception <a 'sun/nio/fs/WindowsException'{0x000000008db51460}> (0x000000008db51460) 
thrown [s\open\src\hotspot\share\prims\jni.cpp, line 516]
Event: 42.928 Thread 0x0000013928874d60 Exception <a 'sun/nio/fs/WindowsException'{0x000000008db8a398}> (0x000000008db8a398) 
thrown [s\open\src\hotspot\share\prims\jni.cpp, line 516]
Event: 42.928 Thread 0x0000013928874d60 Exception <a 'sun/nio/fs/WindowsException'{0x000000008db8ab00}> (0x000000008db8ab00) 
thrown [s\open\src\hotspot\share\prims\jni.cpp, line 516]
Event: 42.932 Thread 0x0000013928874d60 Exception <a 'sun/nio/fs/WindowsException'{0x000000008db97da8}> (0x000000008db97da8) 
thrown [s\open\src\hotspot\share\prims\jni.cpp, line 516]
Event: 42.954 Thread 0x0000013928874d60 Exception <a 'sun/nio/fs/WindowsException'{0x000000008daa74d0}> (0x000000008daa74d0) 
thrown [s\open\src\hotspot\share\prims\jni.cpp, line 516]
Event: 42.954 Thread 0x0000013928874d60 Exception <a 'sun/nio/fs/WindowsException'{0x000000008daa7c60}> (0x000000008daa7c60) 
thrown [s\open\src\hotspot\share\prims\jni.cpp, line 516]
Event: 42.961 Thread 0x0000013928874d60 Exception <a 'sun/nio/fs/WindowsException'{0x000000008daef3b8}> (0x000000008daef3b8) 
thrown [s\open\src\hotspot\share\prims\jni.cpp, line 516]
Event: 42.965 Thread 0x0000013928874d60 Exception <a 'sun/nio/fs/WindowsException'{0x000000008d919628}> (0x000000008d919628) 
thrown [s\open\src\hotspot\share\prims\jni.cpp, line 516]
Event: 42.968 Thread 0x0000013928874d60 Exception <a 'sun/nio/fs/WindowsException'{0x000000008d935d58}> (0x000000008d935d58) 
thrown [s\open\src\hotspot\share\prims\jni.cpp, line 516]
Event: 43.183 Thread 0x000001394d50e820 Exception <a 'sun/nio/fs/WindowsException'{0x000000008d400358}> (0x000000008d400358) 
thrown [s\open\src\hotspot\share\prims\jni.cpp, line 516]
Event: 43.212 Thread 0x000001394d9392e0 Exception <a 'java/lang/NoClassDefFoundError'{0x00000000fff54150}: org/eclipse/aether/spi/artifact/transformer/ArtifactTransformer> (0x00000000fff54150) 
thrown [s\open\src\hotspot\share\classfile\systemDictionary.cpp, line 316]
Event: 43.250 Thread 0x0000013928874d60 Exception <a 'sun/nio/fs/WindowsException'{0x00000000ffb34968}> (0x00000000ffb34968) 
thrown [s\open\src\hotspot\share\prims\jni.cpp, line 516]
Event: 45.972 Thread 0x0000013928874d60 Implicit null exception at 0x000001393b39b378 to 0x000001393b39d6bc
Event: 46.033 Thread 0x0000013928874d60 Implicit null exception at 0x000001393b2ea8e4 to 0x000001393b2ecc6c
Event: 46.985 Thread 0x0000013928874d60 Implicit null exception at 0x000001393aee6cac to 0x000001393aee6fc4
Event: 47.019 Thread 0x0000013928874d60 Exception <a 'sun/nio/fs/WindowsException'{0x000000008f2ec6f0}> (0x000000008f2ec6f0) 
thrown [s\open\src\hotspot\share\prims\jni.cpp, line 516]
Event: 47.135 Thread 0x0000013928874d60 Exception <a 'java/lang/IncompatibleClassChangeError'{0x000000008f113480}: Found class java.lang.Object, but interface was expected> (0x000000008f113480) 
thrown [s\open\src\hotspot\share\interpreter\linkResolver.cpp, line 871]
Event: 47.142 Thread 0x0000013928874d60 Exception <a 'java/lang/IncompatibleClassChangeError'{0x000000008f02d3f0}: Found class java.lang.Object, but interface was expected> (0x000000008f02d3f0) 
thrown [s\open\src\hotspot\share\interpreter\linkResolver.cpp, line 871]
Event: 47.142 Thread 0x0000013928874d60 Exception <a 'java/lang/IncompatibleClassChangeError'{0x000000008f035648}: Found class java.lang.Object, but interface was expected> (0x000000008f035648) 
thrown [s\open\src\hotspot\share\interpreter\linkResolver.cpp, line 871]

VM Operations (20 events):
Event: 42.544 Executing non-safepoint VM operation: HandshakeAllThreads (Deoptimize)
Event: 42.544 Executing non-safepoint VM operation: HandshakeAllThreads (Deoptimize) done
Event: 42.882 Executing non-safepoint VM operation: HandshakeAllThreads (Deoptimize)
Event: 42.882 Executing non-safepoint VM operation: HandshakeAllThreads (Deoptimize) done
Event: 42.885 Executing non-safepoint VM operation: HandshakeAllThreads (Deoptimize)
Event: 42.885 Executing non-safepoint VM operation: HandshakeAllThreads (Deoptimize) done
Event: 43.198 Executing safepoint VM operation: G1CollectForAllocation (G1 Evacuation Pause)
Event: 43.208 Executing safepoint VM operation: G1CollectForAllocation (G1 Evacuation Pause) done
Event: 44.220 Executing safepoint VM operation: G1CollectForAllocation (G1 Evacuation Pause)
Event: 44.231 Executing safepoint VM operation: G1CollectForAllocation (G1 Evacuation Pause) done
Event: 45.166 Executing safepoint VM operation: G1CollectForAllocation (G1 Evacuation Pause)
Event: 45.176 Executing safepoint VM operation: G1CollectForAllocation (G1 Evacuation Pause) done
Event: 46.096 Executing safepoint VM operation: G1TryInitiateConcMark (G1 Humongous Allocation)
Event: 46.106 Executing safepoint VM operation: G1TryInitiateConcMark (G1 Humongous Allocation) done
Event: 46.195 Executing safepoint VM operation: G1PauseRemark
Event: 46.202 Executing safepoint VM operation: G1PauseRemark done
Event: 46.231 Executing safepoint VM operation: G1PauseCleanup
Event: 46.232 Executing safepoint VM operation: G1PauseCleanup done
Event: 46.566 Executing safepoint VM operation: G1CollectForAllocation (G1 Evacuation Pause)
Event: 46.577 Executing safepoint VM operation: G1CollectForAllocation (G1 Evacuation Pause) done

Memory protections (0 events):
No events

Nmethod flushes (20 events):
Event: 46.201 Thread 0x00000139477b2dd0 flushing  nmethod 0x000001393355d008
Event: 46.201 Thread 0x00000139477b2dd0 flushing  nmethod 0x00000139335e0788
Event: 46.201 Thread 0x00000139477b2dd0 flushing  nmethod 0x00000139336c7008
Event: 46.201 Thread 0x00000139477b2dd0 flushing  nmethod 0x00000139336c7a88
Event: 46.201 Thread 0x00000139477b2dd0 flushing  nmethod 0x0000013933744d08
Event: 46.201 Thread 0x00000139477b2dd0 flushing  nmethod 0x000001393376f188
Event: 46.201 Thread 0x00000139477b2dd0 flushing  nmethod 0x00000139337cc488
Event: 46.201 Thread 0x00000139477b2dd0 flushing  nmethod 0x00000139337f7188
Event: 46.201 Thread 0x00000139477b2dd0 flushing  nmethod 0x0000013933845408
Event: 46.201 Thread 0x00000139477b2dd0 flushing  nmethod 0x0000013933845a08
Event: 46.201 Thread 0x00000139477b2dd0 flushing  nmethod 0x0000013933bb9d08
Event: 46.201 Thread 0x00000139477b2dd0 flushing  nmethod 0x0000013933bd9c88
Event: 46.201 Thread 0x00000139477b2dd0 flushing  nmethod 0x0000013933be0508
Event: 46.201 Thread 0x00000139477b2dd0 flushing  nmethod 0x0000013933c16d08
Event: 46.201 Thread 0x00000139477b2dd0 flushing  nmethod 0x0000013933ca2308
Event: 46.201 Thread 0x00000139477b2dd0 flushing  nmethod 0x0000013933ca2608
Event: 46.201 Thread 0x00000139477b2dd0 flushing  nmethod 0x0000013933ccf608
Event: 46.201 Thread 0x00000139477b2dd0 flushing  nmethod 0x0000013933db5c08
Event: 46.201 Thread 0x00000139477b2dd0 flushing  nmethod 0x0000013933db6508
Event: 46.201 Thread 0x00000139477b2dd0 flushing  nmethod 0x0000013934428908

Events (20 events):
Event: 24.277 Thread 0x0000013928874d60 Thread added: 0x000001394caea0e0
Event: 24.289 Thread 0x0000013928874d60 Thread added: 0x000001394d50c8e0
Event: 24.290 Thread 0x000001394caea0e0 Thread added: 0x000001394d509a00
Event: 24.290 Thread 0x000001394d50c8e0 Thread added: 0x000001394d50d880
Event: 24.290 Thread 0x000001394d509a00 Thread added: 0x000001394d50eff0
Event: 24.290 Thread 0x000001394d50d880 Thread added: 0x000001394d50e820
Event: 24.291 Thread 0x000001394d50eff0 Thread added: 0x000001394d9392e0
Event: 28.440 Thread 0x0000013950e88080 Thread exited: 0x0000013950e88080
Event: 28.571 Thread 0x00000139477da6d0 Thread added: 0x000001394f534660
Event: 29.766 Thread 0x000001394f534660 Thread exited: 0x000001394f534660
Event: 30.481 Thread 0x00000139477ead40 Thread added: 0x0000013950b2b8e0
Event: 30.513 Thread 0x00000139477ead40 Thread added: 0x0000013950b2c0f0
Event: 32.273 Thread 0x0000013950b2c0f0 Thread exited: 0x0000013950b2c0f0
Event: 32.548 Thread 0x0000013950b2b8e0 Thread exited: 0x0000013950b2b8e0
Event: 40.246 Thread 0x00000139477ead40 Thread added: 0x0000013950e87060
Event: 41.062 Thread 0x0000013950e87060 Thread exited: 0x0000013950e87060
Event: 41.396 Thread 0x00000139477ead40 Thread added: 0x000001394edb8b60
Event: 43.596 Thread 0x000001394edb8b60 Thread exited: 0x000001394edb8b60
Event: 43.664 Thread 0x00000139477da6d0 Thread added: 0x000001395171ba30
Event: 46.287 Thread 0x00000139477da6d0 Thread added: 0x00000139504930f0


Dynamic libraries:
0x00007ff63d2a0000 - 0x00007ff63d2b0000 	C:\Program Files\Java\jdk-25.0.2\bin\java.exe
0x00007ff906580000 - 0x00007ff9067e7000 	C:\WINDOWS\SYSTEM32\ntdll.dll
0x00007ff904e60000 - 0x00007ff904f29000 	C:\WINDOWS\System32\KERNEL32.DLL
0x00007ff9039f0000 - 0x00007ff903de4000 	C:\WINDOWS\System32\KERNELBASE.dll
0x00007ff902e50000 - 0x00007ff902f9b000 	C:\WINDOWS\System32\ucrtbase.dll
0x00007ff8ea390000 - 0x00007ff8ea3a7000 	C:\Program Files\Java\jdk-25.0.2\bin\jli.dll
0x00007ff8eb1e0000 - 0x00007ff8eb1fe000 	C:\Program Files\Java\jdk-25.0.2\bin\VCRUNTIME140.dll
0x00007ff905df0000 - 0x00007ff905fb5000 	C:\WINDOWS\System32\USER32.dll
0x00007ff904250000 - 0x00007ff904277000 	C:\WINDOWS\System32\win32u.dll
0x00007ff8ecfd0000 - 0x00007ff8ed263000 	C:\WINDOWS\WinSxS\amd64_microsoft.windows.common-controls_6595b64144ccf1df_6.0.26100.8115_none_3e075c82e3354f9c\COMCTL32.dll
0x00007ff904310000 - 0x00007ff90433b000 	C:\WINDOWS\System32\GDI32.dll
0x00007ff904cb0000 - 0x00007ff904d59000 	C:\WINDOWS\System32\msvcrt.dll
0x00007ff9038c0000 - 0x00007ff9039eb000 	C:\WINDOWS\System32\gdi32full.dll
0x00007ff903810000 - 0x00007ff9038b3000 	C:\WINDOWS\System32\msvcp_win.dll
0x00007ff905530000 - 0x00007ff905562000 	C:\WINDOWS\System32\IMM32.DLL
0x00007ff8fb3f0000 - 0x00007ff8fb3fc000 	C:\Program Files\Java\jdk-25.0.2\bin\vcruntime140_1.dll
0x00007ff8e64a0000 - 0x00007ff8e652d000 	C:\Program Files\Java\jdk-25.0.2\bin\msvcp140.dll
0x00007ff824900000 - 0x00007ff82575f000 	C:\Program Files\Java\jdk-25.0.2\bin\server\jvm.dll
0x00007ff904b10000 - 0x00007ff904bc6000 	C:\WINDOWS\System32\ADVAPI32.dll
0x00007ff906120000 - 0x00007ff9061c7000 	C:\WINDOWS\System32\sechost.dll
0x00007ff904560000 - 0x00007ff904678000 	C:\WINDOWS\System32\RPCRT4.dll
0x00007ff9054a0000 - 0x00007ff905520000 	C:\WINDOWS\System32\WS2_32.dll
0x00007ff902cb0000 - 0x00007ff902d0e000 	C:\WINDOWS\SYSTEM32\POWRPROF.dll
0x00007ff8f67e0000 - 0x00007ff8f6816000 	C:\WINDOWS\SYSTEM32\WINMM.dll
0x00007ff8fb510000 - 0x00007ff8fb51b000 	C:\WINDOWS\SYSTEM32\VERSION.dll
0x00007ff902c90000 - 0x00007ff902ca4000 	C:\WINDOWS\SYSTEM32\UMPDC.dll
0x00007ff901bb0000 - 0x00007ff901bcb000 	C:\WINDOWS\SYSTEM32\kernel.appcore.dll
0x00007ff8faff0000 - 0x00007ff8faffa000 	C:\Program Files\Java\jdk-25.0.2\bin\jimage.dll
0x00007ff8fce70000 - 0x00007ff8fd0b2000 	C:\WINDOWS\SYSTEM32\DBGHELP.DLL
0x00007ff904fa0000 - 0x00007ff905322000 	C:\WINDOWS\System32\combase.dll
0x00007ff9053c0000 - 0x00007ff905498000 	C:\WINDOWS\System32\OLEAUT32.dll
0x00007ff8ec0b0000 - 0x00007ff8ec0eb000 	C:\WINDOWS\SYSTEM32\dbgcore.DLL
0x00007ff904020000 - 0x00007ff9040c5000 	C:\WINDOWS\System32\bcryptPrimitives.dll
0x00007ff8e9f30000 - 0x00007ff8e9f4f000 	C:\Program Files\Java\jdk-25.0.2\bin\java.dll
0x00007ff9043c0000 - 0x00007ff904557000 	C:\WINDOWS\System32\ole32.dll
0x00007ff905570000 - 0x00007ff905cd7000 	C:\WINDOWS\System32\SHELL32.dll
0x00007ff903eb0000 - 0x00007ff90401a000 	C:\WINDOWS\System32\wintypes.dll
0x00007ff902fa0000 - 0x00007ff903808000 	C:\WINDOWS\System32\windows.storage.dll
0x00007ff905ce0000 - 0x00007ff905dd8000 	C:\WINDOWS\System32\SHCORE.dll
0x00007ff904bd0000 - 0x00007ff904c36000 	C:\WINDOWS\System32\shlwapi.dll
0x00007ff902d70000 - 0x00007ff902d99000 	C:\WINDOWS\SYSTEM32\profapi.dll
0x00007ff8e9e30000 - 0x00007ff8e9e42000 	C:\Program Files\Java\jdk-25.0.2\bin\net.dll
0x00007ff902130000 - 0x00007ff90219c000 	C:\WINDOWS\system32\mswsock.dll
0x00007ff8e9690000 - 0x00007ff8e96a6000 	C:\Program Files\Java\jdk-25.0.2\bin\nio.dll
0x00007ff8e9370000 - 0x00007ff8e9387000 	C:\Program Files\Java\jdk-25.0.2\bin\zip.dll
0x00007ff8e8270000 - 0x00007ff8e8294000 	C:\Users\gaelr\.m2\wrapper\dists\apache-maven-3.9.12\59fe215c0ad6947fea90184bf7add084544567b927287592651fda3782e0e798\lib\jansi-native\Windows\x86_64\jansi.dll
0x00007ff8fab80000 - 0x00007ff8fab90000 	C:\Program Files\Java\jdk-25.0.2\bin\verify.dll
0x00007ff902440000 - 0x00007ff90245b000 	C:\WINDOWS\SYSTEM32\CRYPTSP.dll
0x00007ff901b10000 - 0x00007ff901b49000 	C:\WINDOWS\system32\rsaenh.dll
0x00007ff902200000 - 0x00007ff902233000 	C:\WINDOWS\SYSTEM32\USERENV.dll
0x00007ff902d40000 - 0x00007ff902d6a000 	C:\WINDOWS\SYSTEM32\bcrypt.dll
0x00007ff902430000 - 0x00007ff90243c000 	C:\WINDOWS\SYSTEM32\CRYPTBASE.dll
0x00007ff901590000 - 0x00007ff9015c2000 	C:\WINDOWS\SYSTEM32\IPHLPAPI.DLL
0x00007ff904f40000 - 0x00007ff904f4a000 	C:\WINDOWS\System32\NSI.dll
0x00007ff901620000 - 0x00007ff901752000 	C:\WINDOWS\SYSTEM32\DNSAPI.dll
0x00007ff8fb560000 - 0x00007ff8fb56b000 	C:\Windows\System32\rasadhlp.dll
0x00007ff8fd560000 - 0x00007ff8fd5e6000 	C:\WINDOWS\System32\fwpuclnt.dll
0x00007ff8eb1d0000 - 0x00007ff8eb1d9000 	C:\Program Files\Java\jdk-25.0.2\bin\extnet.dll
0x00007ff8ea0a0000 - 0x00007ff8ea0ae000 	C:\Program Files\Java\jdk-25.0.2\bin\sunmscapi.dll
0x00007ff9040d0000 - 0x00007ff904247000 	C:\WINDOWS\System32\CRYPT32.dll
0x00007ff902650000 - 0x00007ff902680000 	C:\WINDOWS\SYSTEM32\ncrypt.dll
0x00007ff902600000 - 0x00007ff90263f000 	C:\WINDOWS\SYSTEM32\NTASN1.dll
0x00007ff8e5640000 - 0x00007ff8e5658000 	C:\WINDOWS\system32\napinsp.dll
0x00007ff8e5620000 - 0x00007ff8e5633000 	C:\WINDOWS\System32\winrnr.dll
0x00007ff8e55f0000 - 0x00007ff8e5612000 	C:\WINDOWS\system32\nlansp_c.dll
0x00007ff8f96c0000 - 0x00007ff8f96d6000 	C:\WINDOWS\system32\wshbth.dll
0x00007ff901ce0000 - 0x00007ff901d16000 	C:\WINDOWS\SYSTEM32\ntmarta.dll

JVMTI agents: none

dbghelp: loaded successfully - version: 4.0.5 - missing functions: none
symbol engine: initialized successfully - sym options: 0x614 - pdb path: .;C:\Program Files\Java\jdk-25.0.2\bin;C:\WINDOWS\SYSTEM32;C:\WINDOWS\WinSxS\amd64_microsoft.windows.common-controls_6595b64144ccf1df_6.0.26100.8115_none_3e075c82e3354f9c;C:\Program Files\Java\jdk-25.0.2\bin\server;C:\Users\gaelr\.m2\wrapper\dists\apache-maven-3.9.12\59fe215c0ad6947fea90184bf7add084544567b927287592651fda3782e0e798\lib\jansi-native\Windows\x86_64

VM Arguments:
jvm_args: --enable-native-access=ALL-UNNAMED -Dclassworlds.conf=C:\Users\gaelr\.m2\wrapper\dists\apache-maven-3.9.12\59fe215c0ad6947fea90184bf7add084544567b927287592651fda3782e0e798\bin\m2.conf -Dmaven.home=C:\Users\gaelr\.m2\wrapper\dists\apache-maven-3.9.12\59fe215c0ad6947fea90184bf7add084544567b927287592651fda3782e0e798 -Dlibrary.jansi.path=C:\Users\gaelr\.m2\wrapper\dists\apache-maven-3.9.12\59fe215c0ad6947fea90184bf7add084544567b927287592651fda3782e0e798\lib\jansi-native -Dmaven.multiModuleProjectDirectory=D:\Downloads\MedSync-Backend-dev\MedSync-Backend-dev 
java_command: org.codehaus.plexus.classworlds.launcher.Launcher quarkus:dev
java_class_path (initial): C:\Users\gaelr\.m2\wrapper\dists\apache-maven-3.9.12\59fe215c0ad6947fea90184bf7add084544567b927287592651fda3782e0e798\boot\plexus-classworlds-2.9.0.jar
Launcher Type: SUN_STANDARD

[Global flags]
     intx CICompilerCount                          = 4                                         {product} {ergonomic}
     uint ConcGCThreads                            = 2                                         {product} {ergonomic}
     uint G1ConcRefinementThreads                  = 8                                         {product} {ergonomic}
   size_t G1HeapRegionSize                         = 1048576                                   {product} {ergonomic}
   size_t InitialHeapSize                          = 132120576                                 {product} {ergonomic}
   size_t MarkStackSize                            = 4194304                                   {product} {ergonomic}
   size_t MarkStackSizeMax                         = 536870912                                 {product} {ergonomic}
   size_t MaxHeapSize                              = 2090860544                                {product} {ergonomic}
   size_t MaxNewSize                               = 1254096896                                {product} {ergonomic}
   size_t MinHeapDeltaBytes                        = 1048576                                   {product} {ergonomic}
   size_t MinHeapSize                              = 8388608                                   {product} {ergonomic}
    uintx NonNMethodCodeHeapSize                   = 5832704                                {pd product} {ergonomic}
    uintx NonProfiledCodeHeapSize                  = 122945536                              {pd product} {ergonomic}
    uintx ProfiledCodeHeapSize                     = 122880000                              {pd product} {ergonomic}
    uintx ReservedCodeCacheSize                    = 251658240                              {pd product} {ergonomic}
     bool SegmentedCodeCache                       = true                                      {product} {ergonomic}
   size_t SoftMaxHeapSize                          = 2090860544                             {manageable} {ergonomic}
     bool UseCompressedOops                        = true                           {product lp64_product} {ergonomic}
     bool UseG1GC                                  = true                                      {product} {ergonomic}
     bool UseLargePagesIndividualAllocation        = false                                  {pd product} {ergonomic}

Logging:
Log output configuration:
 #0: stdout all=warning uptime,level,tags foldmultilines=false
 #1: stderr all=off uptime,level,tags foldmultilines=false

Release file:
IMPLEMENTOR="Oracle Corporation" 
JAVA_RUNTIME_VERSION="25.0.2+10-LTS-69" 
JAVA_VERSION="25.0.2" 
JAVA_VERSION_DATE="2026-01-20" 
LIBC="default" 
MODULES="java.base java.compiler java.datatransfer java.xml java.prefs java.desktop java.instrument java.logging java.management java.security.sasl java.naming java.rmi java.management.rmi java.net.http java.scripting java.security.jgss java.transaction.xa java.sql java.sql.rowset java.xml.crypto java.se java.smartcardio jdk.accessibility jdk.internal.jvmstat jdk.attach jdk.charsets jdk.internal.opt jdk.zipfs jdk.compiler jdk.crypto.cryptoki jdk.crypto.ec jdk.crypto.mscapi jdk.dynalink jdk.internal.ed jdk.editpad jdk.internal.vm.ci jdk.graal.compiler jdk.graal.compiler.management jdk.hotspot.agent jdk.httpserver jdk.incubator.vector jdk.internal.le jdk.internal.md jdk.jartool jdk.javadoc jdk.jcmd jdk.management jdk.management.agent jdk.jconsole jdk.jdeps jdk.jdwp.agent jdk.jdi jdk.jfr jdk.jlink jdk.jpackage jdk.jshell jdk.jsobject jdk.jstatd jdk.localedata jdk.management.jfr jdk.naming.dns jdk.naming.rmi jdk.net jdk.nio.mapmode jdk.sctp jdk.security.auth jdk.security.jgss jdk.unsupported jdk.unsupported.desktop jdk.xml.dom" 
OS_ARCH="x86_64" 
OS_NAME="Windows" 
SOURCE=".:git:b75efb40c93a open:git:405a5699ebd0" 

Environment Variables:
PATH=C:\Users\gaelr\AppData\Local\Programs\Microsoft VS Code;C:\Program Files\Common Files\Oracle\Java\javapath;C:\Program Files (x86)\Common Files\Oracle\Java\java8path;C:\Program Files (x86)\Common Files\Oracle\Java\javapath;C:\Program Files (x86)\VMware\VMware Player\bin\;C:\Python313\Scripts\;C:\Python313\;C:\ProgramData\Oracle\Java\javapath;C:\Windows\system32;C:\Windows;C:\Windows\System32\Wbem;C:\Windows\System32\WindowsPowerShell\v1.0\;C:\Windows\System32\OpenSSH\;C:\Program Files (x86)\NVIDIA Corporation\PhysX\Common;C:\WINDOWS\system32;C:\WINDOWS;C:\WINDOWS\System32\Wbem;C:\WINDOWS\System32\WindowsPowerShell\v1.0\;C:\WINDOWS\System32\OpenSSH\;C:\Program Files\Git\cmd;C:\Program Files\Meshroom;C:\Program Files\dotnet\;C:\Program Files\NVIDIA Corporation\NVIDIA app\NvDLISR;C:\ProgramData\chocolatey\bin;C:\Users\gaelr\AppData\Local\nvm;C:\nvm4w\nodejs;C:\Program Files\Meshroom;C:\Users\gaelr\AppData\Local\Programs\Microsoft VS Code\bin;C:\MinGW\bin;C:\Users\gaelr\AppData\Local\Microsoft\WindowsApps;C:\Users\[TuUsuario]\AppData\Local\Microsoft\WindowsApps\Scripts;C:\Program Files\ffmpeg;C:\Users\gaelr\AppData\Local\Microsoft\WindowsApps;C:\Users\gaelr\AppData\Roaming\npm;C:\Swift\bin;C:\Users\gaelr\.dotnet\tools;C:\Users\gaelr\AppData\Local\nvm;C:\nvm4w\nodejs;D:\Antigravity\bin
USERNAME=gaelr
LANG=en_US.UTF-8
OS=Windows_NT
PROCESSOR_IDENTIFIER=Intel64 Family 6 Model 140 Stepping 1, GenuineIntel
TMP=C:\Users\gaelr\AppData\Local\Temp
TEMP=C:\Users\gaelr\AppData\Local\Temp




Compilation memory statistics disabled.

Periodic native trim disabled

---------------  S Y S T E M  ---------------

OS:
 Windows 11 , 64 bit Build 26100 (10.0.26100.8246)
OS uptime: 1 days 0:42 hours
Hyper-V role detected

CPU: total 8 (initial active 8) (4 cores per cpu, 2 threads per core) family 6 model 140 stepping 1 microcode 0xa4, cx8, cmov, fxsr, ht, mmx, 3dnowpref, sse, sse2, sse3, ssse3, sse4.1, sse4.2, popcnt, lzcnt, tsc, tscinvbit, avx, avx2, aes, erms, clmul, bmi1, bmi2, adx, avx512f, avx512dq, avx512cd, avx512bw, avx512vl, sha, fma, vzeroupper, avx512_vpopcntdq, avx512_vpclmulqdq, avx512_vaes, avx512_vnni, clflush, clflushopt, clwb, avx512_vbmi2, avx512_vbmi, hv, rdtscp, rdpid, fsrm, gfni, avx512_bitalg, f16c, cet_ibt, cet_ss, avx512_ifma
Processor Information for the first 8 processors :
  Max Mhz: 3302, Current Mhz: 3302, Mhz Limit: 3302

Memory: 4k page, system-wide physical 7975M (875M free)
TotalPageFile size 20354M (AvailPageFile size 90M)
current process WorkingSet (physical memory assigned to process): 581M, peak: 582M
current process commit charge ("private bytes"): 630M, peak: 639M

vm_info: Java HotSpot(TM) 64-Bit Server VM (25.0.2+10-LTS-69) for windows-amd64 JRE (25.0.2+10-LTS-69), built on 2025-12-18T11:36:35Z with MS VC++ 17.13 (VS2022)

END.
